word,page,radical,count,code,hanyu
󲜐,128,󳜰,2,hfxn,陷害
󲜑,143,󳜰,2,hjxm,兔子
󲜒,193,󳜰,2,hsxm,（刀刃含钢不足而）卷
󲜓,193,󳜰,2,hsxz,1、舔；2、（专指母羊对出生羊崽的舔）
󲜔,218,󳜰,2,hgxz,便宜
󲜕,3,󳜰,3,hfgxm,埋怨
󲜖,14,󳜰,3,hggxz,裱褙
󲜗,42,󳜰,3,jdxn,（木）渣
󲜘,53,󳜰,3,kxm,尾，末
󲜙,74,󳜰,3,jhxm,（两边）分开
󲜚,75,󳜰,3,hgpxn,雪
󲜛,102,󳜰,3,hpgxm,绊（舌）
󲜜,133,󳜰,3,hghxn,1、指（人、物）；2、指向
󲜝,139,󳜰,3,jdxm,包、扎
󲜞,142,󳜰,3,hejxm,锐利
󲜟,144,󳜰,3,hdgxz,这里
󲜠,148,󳜰,3,hjhxm,惊恐
󲜡,155,󳜰,3,hgpxm,1、爬、攀、登；2、上（动词）
󲜢,189,󳜰,3,hpfxm,飘
󲜣,274,󳜰,3,htjxm,（牛马）惊
󲜤,275,󳜰,3,hegxz,禁闭
󲜥,320,󳜰,4,jfxn,八角
󲜦,325,󳜰,4,jjxm,幼
󲜧,371,󳜰,4,jpxn,膨胀
󲜨,387,󳜰,4,hegxm,高祖
󲜩,7,󳜰,4,kfxn,特地，专门
󲜪,9,󳜰,4,kgxn,翻
󲜫,9,󳜰,4,hhtgxz,爆
󲜬,23,󳜰,4,hfhgxz,翻（开）
󲜭,23,󳜰,4,jjhxn,逃
󲜮,29,󳜰,4,hfghxn,象声词（像枪弹飞驰声）
󲜯,50,󳜰,4,htgjxz,宝剑
󲜰,59,󳜰,4,jggxn,1、（兄弟中的）长者，2，大
󲜱,82,󳜰,4,bghxm,唱
󲜲,107,󳜰,4,hgjtxz,（马拴着）放牧
󲜳,112,󳜰,4,htghxz,（火）熄灭
󲜴,127,󳜰,4,jgyxn,1、（精细地）缝，（缝制工艺之一）2、篾箩
󲜵,146,󳜰,4,htgjxn,1、乾坤；宇宙空间的）上下，2、开辟3、一个地名、人名
󲜶,162,󳜰,4,htgqxn,（地）区
󲜷,171,󳜰,4,hthpxn,心
󲜸,222,󳜰,5,jhgxn,（熟）透
󲜹,246,󳜰,5,hpghxm,焦（干），（干）脆
󲜺,247,󳜰,5,hhgqxm,股（量词）
󲜻,270,󳜰,5,kmxn,咳
󲜼,271,󳜰,5,hfjxz,供奉
󲜽,323,󳜰,5,hgfxm,总是
󲜾,291,󳜰,5,hiogxn,计较
󲜿,305,󳜰,5,jggxm,（斜）靠
󲝀,328,󳜰,5,hhhjxm,煞气（旧时迷信说法）
󲝁,377,󳜰,5,hghgxm,（语气助词）
󲝂,383,󳜰,5,hggpxn,（笑声）
󲝃,20,󳜰,5,jpgyxn,呛
󲝄,20,󳜰,5,jfhhxn,灰（色）
󲝅,20,󳜰,5,jfhhxm,胛骨
󲝆,20,󳜰,5,hgtghxn,锄头
󲝇,39,󳜰,5,kghxn,（嫩、青）草
󲝈,43,󳜰,5,jguhxn,吹嘘、夸口
󲝉,67,󳜰,5,hgggmxn,危及、威胁
󲝊,76,󳜰,5,hjdxm,蝙蝠
󲝋,87,󳜰,5,jpgvxn,瞪（眼）
󲝌,91,󳜰,5,hpghhxm,钹
󲝍,98,󳜰,5,hgggpxn,匪
󲝎,111,󳜰,5,hffxm,研究
󲝏,110,󳜰,5,hhtthxm,商议
󲝐,114,󳜰,5,khhxn,（象声词）
󲝑,119,󳜰,5,hdgxb,选择
󲝒,125,󳜰,5,hgyhhxn,蠕（动）
󲝓,144,󳜰,5,ghhfxn,1、下方；2、地名用字
󲝔,144,󳜰,5,kgjxn,惬意草
󲝕,147,󳜰,5,htghyxn,1、钻（孔）；2、穿（孔）；
󲝖,148,󳜰,5,htghmxn,土蚕子
󲝗,154,󳜰,5,hghhuxn,制度
󲝘,189,󳜰,5,hhggfxm,白杨树
󲝙,198,󳜰,5,hdjxm,向（祖宗祝告）
󲝚,207,󳜰,5,jgqgxn,鹰
󲝛,291,󳜰,5,jgqgxm,1、寒，冷；2；失望
󲝜,291,󳜰,5,jfhhxn,管，筒
󲝝,292,󳜰,5,hghggxn,（递给东西的）发音词
󲝞,294,󳜰,5,hhgghxm,1、玩；2、耍；
󲝟,295,󳜰,5,hhghgxn,摇动
󲝠,312,󳜰,5,higogxm,1、锯；2、割；
󲝡,317,󳜰,5,jgthxn,右
󲝢,325,󳜰,5,hfghxm,凹
󲝣,345,󳜰,5,hggghxn,认真
󲝤,349,󳜰,5,jhghxn,笔管草（节节草）
󲝥,360,󳜰,5,kggxn,1、（绵羊）毛；2、棉；
󲝦,371,󳜰,5,hfjhxm,蹲
󲝧,25,󳜰,6,jdpppxb,野葱（苦蒜）
󲝨,28,󳜰,6,kpyuxn,丰盛
󲝩,30,󳜰,6,htghghxn,松球
󲝪,30,󳜰,6,jgjrxn,葵花
󲝫,77,󳜰,6,hfffxn,麻（味）
󲝬,111,󳜰,6,hjhghxm,纱（线）
󲝭,117,󳜰,6,hthpjxn,像、相同
󲝮,183,󳜰,6,jpghhxn,额头
󲝯,190,󳜰,6,hhghtghxm,晒
󲝰,219,󳜰,6,htgkxn,行走
󲝱,259,󳜰,6,jjkxb,承受
󲝲,261,󳜰,6,jggfxn,开（车）
󲝳,297,󳜰,6,jpghqxn,土茯苓
󲝴,316,󳜰,6,hdhgghxm,松弛
󲝵,345,󳜰,6,hdhjxm,1、耕；2、庄稼（古语，耕牧）
󲝶,390,󳜰,6,jgpghxn,叛
󲝷,31,󳜰,7,htghghdxn,萌（发），萌（芽）
󲝸,51,󳜰,7,jpffxn,（粉）末，面
󲝹,70,󳜰,7,hffgtxn,稗
󲝺,78,󳜰,7,jffgxn,（形容词缀）
󲝻,108,󳜰,7,hgffgxm,流（星）
󲝼,121,󳜰,7,jgkgxn,1、豹；2、狼；
󲝽,124,󳜰,7,htfkxn,1、光；2、闪亮；
󲝾,136,󳜰,7,hghffxz,起疹子
󲝿,148,󳜰,7,htghghfxn,山楂鸟
󲞀,164,󳜰,7,jfhfhxn,歧（视），鄙（视）
󲞁,171,󳜰,7,hffgyxn,轻快
󲞂,221,󳜰,7,hffggxn,成活
󲞃,223,󳜰,7,jfpghxn,（溜）滑
󲞄,233,󳜰,7,jdffxn,地名，彝语专用名词用词
󲞅,250,󳜰,7,htgthghxn,传递
󲞆,258,󳜰,7,kgkxn,恨
󲞇,293,󳜰,7,gjhtthxz,（手）镯
󲞈,303,󳜰,7,jjhhhxn,蜘蛛
󲞉,310,󳜰,7,jfhdfxn,纽扣
󲞊,342,󳜰,7,jffgxz,稳当
󲞋,376,󳜰,7,hthgghhxn,清洁
󲞌,63,󳜰,8,kfjhxn,蒿枝
󲞍,73,󳜰,8,hdhghhxm,1、（连续不断）；2、笑呵呵
󲞎,206,󳜰,8,kgjhgxn,添补
󲞏,386,󳜰,8,kfhkxn,水蒸气
󲞐,104,󳜰,9,jffvfxn,犀（牛）
󲞑,120,󳜰,9,jddgxn,（手）巧
󲞒,124,󳜰,9,htdfhgjxb,（人多）拥挤
󲞓,203,󳜰,9,htgkghhxn,增添
󲞔,360,󳜰,9,kgjhggxn,（重叠词缀）
󲞕,297,󳜰,10,htgththghhxn,箍
󲞖,178,󳜰,12,hdhggffgxz,沉淀物
󲞗,2,󳜱,2,ggxn,1、雄性（禽类）；2、地名用词
󲞘,42,󳜱,2,gfxn,墙
󲞙,45,󳜱,2,gpxn,搂（卷）
󲞚,64,󳜱,2,ghxn,麻木
󲞛,107,󳜱,2,gvxn,小跑，慢跑
󲞜,109,󳜱,2,gmxn,1、君；2、人名用词
󲞝,159,󳜱,2,gzxz,条
󲞞,159,󳜱,2,gqxn,1、和睦，友好；2、爱好
󲞟,193,󳜱,2,gsxz,（牛犁）担
󲞠,193,󳜱,2,glxn,向后仰
󲞡,217,󳜱,2,gzxz,（牲畜在野外）吃草；
󲞢,218,󳜱,2,ghxn,谎
󲞣,242,󳜱,2,gmxn,1、甲（天干第一位）；2、人名用词；
󲞤,242,󳜱,2,gzxn,升
󲞥,242,󳜱,2,gdxn,悬挂
󲞦,242,󳜱,2,gzxn,连接
󲞧,242,󳜱,2,glxz,凑在一起
󲞨,334,󳜱,2,glxn,镰刀
󲞩,22,󳜱,3,ghixn,1、边（方位词）；2、方（面）
󲞪,27,󳜱,3,gwyxn,噗（象声词）
󲞫,44,󳜱,3,ggyxn,面（颊）
󲞬,46,󳜱,3,fhxz,果断
󲞭,49,󳜱,3,gtgxz,天
󲞮,53,󳜱,3,ghfxz,火
󲞯,64,󳜱,3,fhxz,穿（衣）（使动）
󲞰,68,󳜱,3,gmgxn,王
󲞱,79,󳜱,3,gggxn,（蚱蜢）
󲞲,80,󳜱,3,ghhxm,（板栗）
󲞳,86,󳜱,3,gqhxz,（二）十
󲞴,91,󳜱,3,ghpxn,1、晴；2、太阳神；
󲞵,92,󳜱,3,gphxn,1、人；2、他们；3、（领导）
󲞶,93,󳜱,3,gphxz,丛、簇；
󲞷,115,󳜱,3,fhxz,蛾子
󲞸,122,󳜱,3,ghhxn,下，降；
󲞹,131,󳜱,3,gjhxz,兄
󲞺,131,󳜱,3,gthxv,1、抵、顶、撑；2、支持；
󲞻,132,󳜱,3,fkxz,害羞
󲞼,133,󳜱,3,fzxz,1、争夺；2、歪曲（语意）；
󲞽,135,󳜱,3,gjgxz,埋（葬）
󲞾,136,󳜱,3,ghqxn,就丛
󲞿,135,󳜱,3,ghgxz,单、独
󲟀,137,󳜱,3,ghpxn,晃荡
󲟁,149,󳜱,3,fhxm,搾（张开大拇指和中指两端的长度）
󲟂,149,󳜱,3,ghjxz,（魔芋）
󲟃,155,󳜱,3,gpgxn,祖母，奶奶
󲟄,163,󳜱,3,gwgxn,1、产（生）；2、壬（天干第九位）；3、人名用词
󲟅,168,󳜱,3,gbgxn,纯净
󲟆,172,󳜱,3,ghgxz,缝（动词）
󲟇,178,󳜱,3,ghfxz,络绎不绝
󲟈,189,󳜱,3,gpgxn,（起）泡
󲟉,206,󳜱,3,gkfxn,火草
󲟊,207,󳜱,3,ghgxn,涂、抹、敷
󲟋,216,󳜱,3,gghxn,大后天
󲟌,217,󳜱,3,gyjxn,宽
󲟍,218,󳜱,3,ghlxz,祷告
󲟎,221,󳜱,3,gfgxn,脱（落）
󲟏,222,󳜱,3,gwgxn,幼
󲟐,234,󳜱,3,gygxv,源
󲟑,234,󳜱,3,gtdxn,1、跟、随、伴；2、侍从，部下
󲟒,249,󳜱,3,fjxm,相信
󲟓,197,󳜱,3,gqhxz,绞痛
󲟔,254,󳜱,3,ghhxz,酒
󲟕,259,󳜱,3,ggjxn,沾（泥巴）
󲟖,261,󳜱,3,fjxz,拧、扭（紧）
󲟗,266,󳜱,3,gygxn,1、前、首先、开始；2，先前；3、事先；
󲟘,271,󳜱,3,gjfxn,（睡）觉
󲟙,288,󳜱,3,gpgxn,瞎
󲟚,300,󳜱,3,ggvxn,坐
󲟛,301,󳜱,3,fghxn,（虫）
󲟜,308,󳜱,3,ghhxn,（菜）刀
󲟝,314,󳜱,3,gguxn,声明
󲟞,328,󳜱,3,ghkxn,1、会；2、工匠
󲟟,333,󳜱,3,ghyxz,背部
󲟠,337,󳜱,3,gjxz,威望
󲟡,341,󳜱,3,gfgxz,绝（种）
󲟢,350,󳜱,3,gqgxn,菜苔
󲟣,350,󳜱,3,ifgxz,矛
󲟤,368,󳜱,3,gtpxv,草果
󲟥,376,󳜱,3,gjtxn,（词头）阿
󲟦,378,󳜱,3,gfhxn,（因）为
󲟧,385,󳜱,3,gydxz,1、土目（土司管辖下的头目）；2、官（家）；
󲟨,390,󳜱,3,ghyxz,（被高温汽水）熏烫
󲟩,390,󳜱,3,gjpxc,突然
󲟪,1,󳜱,4,gjghxb,背（背物（使动））
󲟫,1,󳜱,4,gohixn,丙（天干的第三位）
󲟬,3,󳜱,4,ghggxz,下巴
󲟭,5,󳜱,4,gjwxn,1、（食用肉的前缀词素）；2、喜鹊；
󲟮,10,󳜱,4,fhdxm,（大口）吃
󲟯,12,󳜱,4,ghghxm,论（说）
󲟰,13,󳜱,4,ghgpxm,雄性（泛指家畜）
󲟱,15,󳜱,4,ghhhxc,1、神位；2、（肺）；
󲟲,22,󳜱,4,gpthxn,半
󲟳,33,󳜱,4,ghepxz,戏弄，逗乐
󲟴,35,󳜱,4,fjjxz,（墙壁的）洞眼
󲟵,36,󳜱,4,fhhxn,可惜
󲟶,39,󳜱,4,gfjxn,1、坤（卦）；2、人名用词
󲟷,39,󳜱,4,gjqxn,（不）止，（不）仅
󲟸,45,󳜱,4,ghhhxz,鸣、叫
󲟹,49,󳜱,4,gpjxz,泥土
󲟺,61,󳜱,4,ghfgxb,1、高；2、人名用词
󲟻,66,󳜱,4,ghfxb,岩
󲟼,68,󳜱,4,gjfxm,分（动词）
󲟽,69,󳜱,4,dkxz,责任
󲟾,72,󳜱,4,flvxz,傍晚
󲟿,82,󳜱,4,gkooxb,瞄准
󲠀,83,󳜱,4,gjgxn,戳
󲠁,86,󳜱,4,fjxz,（捆）把
󲠂,86,󳜱,4,gjgxn,并排
󲠃,87,󳜱,4,guhhxn,韭菜
󲠄,91,󳜱,4,gggjxz,1、碎；2、自己的
󲠅,92,󳜱,4,gphqxn,斧头
󲠆,92,󳜱,4,gpggxn,1、一下；2、稍微；
󲠇,95,󳜱,4,gjghxn,胡须
󲠈,95,󳜱,4,gwghxv,乙（天干第二位）
󲠉,108,󳜱,4,ghgtxb,滴（水）
󲠊,110,󳜱,4,hghzxn,灵活
󲠋,113,󳜱,4,fhhxn,主人
󲠌,114,󳜱,4,fhgxn,哪
󲠍,115,󳜱,4,ghtfxn,钱（量词）
󲠎,118,󳜱,4,ghfxv,1、走；2、走（了）；
󲠏,121,󳜱,4,dhxb,1、抚育；2、渐渐；3、殷殷；
󲠐,,,,ghhhxz,（油）腻
󲠑,129,󳜱,4,bghxn,很、大、最、更、极
󲠒,131,󳜱,4,gjjxn,彗星
󲠓,131,󳜱,4,gthhxn,（像啄木鸟啄树声）
󲠔,132,󳜱,4,gjjxv,擀
󲠕,133,󳜱,4,fhgxz,考虑
󲠖,133,󳜱,4,gighxv,准备、预备
󲠗,141,󳜱,4,fjhxm,（箭）头
󲠘,150,󳜱,4,gjyxn,1、叙述、发表；2、讲、讲述；
󲠙,152,󳜱,4,gjjxz,（昌）盛
󲠚,157,󳜱,4,gghtxn,涨
󲠛,157,󳜱,4,ghjhxn,1、毒（名词）；2、草乌；3、巴豆；4、（半夏）
󲠜,158,󳜱,4,ghghxn,（猫、狗的）白花前肢
󲠝,163,󳜱,4,ghfhxn,（蚯蚓）
󲠞,171,󳜱,4,fhgxn,乃（是）
󲠟,172,󳜱,4,gyhgxn,稠密
󲠠,176,󳜱,4,ghjgxv,1、肥沃；2、（后）年
󲠡,177,󳜱,4,ghhhxz,1、呢（语气助词）；2、（那么）
󲠢,177,󳜱,4,ghghxz,1、（毛发乱）、（汗毛）
󲠣,179,󳜱,4,gvvvxn,雾（霭）
󲠤,181,󳜱,4,gjgxn,姐姐
󲠥,182,󳜱,4,ghhgxn,再生（作物）
󲠦,186,󳜱,4,fphxn,1、（兔子）；2、卯（地支的第四位）；
󲠧,187,󳜱,4,gjhjxn,1、放（牧）；2、（耕牧，庄稼）
󲠨,191,󳜱,4,gigixn,（笛子）
󲠩,202,󳜱,4,ggjxn,1、村落；2、城；3、（百姓、群众）
󲠪,209,󳜱,4,ghthxn,闪（亮）
󲠫,214,󳜱,4,fyhxn,仔鸡（未曾生蛋的小母鸡）
󲠬,215,󳜱,4,fyjxv,胀
󲠭,221,󳜱,4,fjxz,1、餐、顿（量词）；2、（彝族家支名
󲠮,223,󳜱,4,ghfxv,踢（主动）
󲠯,224,󳜱,4,gzthxn,抽打
󲠰,234,󳜱,4,glghxz,（未曾过崽的）母猪
󲠱,237,󳜱,4,gdphxn,出（嫁）
󲠲,240,󳜱,4,gjjxm,铅
󲠳,243,󳜱,4,gthvxn,1、（更加）；2、（草席）
󲠴,250,󳜱,4,gjpxn,（跌跌撞撞，歪歪倒倒）
󲠵,258,󳜱,4,ghfxz,怜（悯）
󲠶,260,󳜱,4,dhxn,（兴）盛
󲠷,261,󳜱,4,djxn,（形容词缀）
󲠸,278,󳜱,4,djxz,1、狗；2、戌（地支的第十一位）
󲠹,278,󳜱,4,ghghxb,（大后天）
󲠺,282,󳜱,4,ghgjxm,射
󲠻,285,󳜱,4,gjhhxn,搂
󲠼,285,󳜱,4,ghpxn,（转嘎）
󲠽,295,󳜱,4,gpghxn,避免
󲠾,296,󳜱,4,dhxn,搅、拌
󲠿,300,󳜱,4,fthxn,1、和；2、（也许，可能）
󲡀,302,󳜱,4,ghghxz,颤（动）
󲡁,302,󳜱,4,fhtxz,1、牛；2、丑；
󲡂,306,󳜱,4,fhhxz,捋
󲡃,313,󳜱,4,gjjxz,大（小），长（幼）
󲡄,316,󳜱,4,fjgxb,1、美丽；2、漂亮；
󲡅,320,󳜱,4,ghdtxb,把、给
󲡆,320,󳜱,4,ghggxb,减
󲡇,321,󳜱,4,fhhxz,绞痛，酸痛
󲡈,323,󳜱,4,hfhxm,1、内，里；2、（坐下）；3、地名用词；
󲡉,324,󳜱,4,hfgxm,1、生命；2、脉（搏），（命）脉；
󲡊,331,󳜱,4,fphxc,疟（疾）
󲡋,333,󳜱,4,gthgxz,抖（掉）
󲡌,336,󳜱,4,fjtxb,生（荒地）
󲡍,338,󳜱,4,ghfxv,（锄头）
󲡎,338,󳜱,4,gjpxv,喊
󲡏,354,󳜱,4,gghgxc,锥（动词）
󲡐,354,󳜱,4,giojxz,（插）柴
󲡑,359,󳜱,4,gjfxn,倾斜
󲡒,367,󳜱,4,fthxv,1、铁；2、地名用词
󲡓,376,󳜱,4,gpphxz,水牛
󲡔,385,󳜱,4,gyhgxv,仔（牛）
󲡕,390,󳜱,4,ghgpxc,惊慌
󲡖,1,󳜱,5,gjghxn,秸秆，干草
󲡗,3,󳜱,5,gjghxn,（草垫、篾席）
󲡘,3,󳜱,5,ghgghxn,锋利
󲡙,3,󳜱,5,hghhgxn,跛
󲡚,4,󳜱,5,ghhhgxz,本（钱）
󲡛,5,󳜱,5,ghthgxn,（伙）伴
󲡜,8,󳜱,5,fjhxz,（一定的）数量
󲡝,13,󳜱,5,fhdgxb,推动
󲡞,16,󳜱,5,ghgghxm,诚实
󲡟,23,󳜱,5,fhpgxc,（奴）婢
󲡠,23,󳜱,5,ghhqgxn,反（叛）
󲡡,27,󳜱,5,gygjxn,帐
󲡢,31,󳜱,5,ghgghxn,鼻涕
󲡣,36,󳜱,5,ghgjtxn,（田）埂
󲡤,44,󳜱,5,ghphhxn,堆（量词）
󲡥,51,󳜱,5,gjfxn,季（节）
󲡦,51,󳜱,5,fhfhxn,锁（边）
󲡧,54,󳜱,5,gpghuxn,1、（黄果）；2、（牛虻）；
󲡨,68,󳜱,5,gjthxv,1、适应；2、地名用词；
󲡩,76,󳜱,5,gkmxn,焖（饭）
󲡪,78,󳜱,5,fhghxz,用餐毕
󲡫,79,󳜱,5,gjggxc,追（问）
󲡬,79,󳜱,5,fhhgxn,密
󲡭,80,󳜱,5,gyfjxv,芒
󲡮,85,󳜱,5,ghfthxn,1、陡峭；2、（先生；师傅）
󲡯,86,󳜱,5,fhthxz,挖
󲡰,88,󳜱,5,hdhxm,（用手）掐
󲡱,89,󳜱,5,gkqxn,掐
󲡲,91,󳜱,5,ghgghxn,（洞房）
󲡳,92,󳜱,5,ghgghxz,编（辫子）
󲡴,93,󳜱,5,ghghgxc,肥
󲡵,94,󳜱,5,fhghxm,佐餐、下（酒、饭）
󲡶,95,󳜱,5,gyhghxn,1、掉（下），落（下）；2、（澜沧江）；
󲡷,97,󳜱,5,gwgjxc,（麻痛）
󲡸,101,󳜱,5,fjdxm,（当然了）
󲡹,111,󳜱,5,gggjxn,（丛很狭窄的地方）通过
󲡺,114,󳜱,5,fhogxn,耳语
󲡻,115,󳜱,5,gjgkxn,
󲡼,119,󳜱,5,ffgxn,1、（察觉）；2、（发现）；
󲡽,120,󳜱,5,dkgxz,（白生生）
󲡾,123,󳜱,5,ghgghxv,（寄生茶）
󲡿,134,󳜱,5,ghghhxn,挺（肚子）
󲢀,149,󳜱,5,gjgdxm,柜
󲢁,152,󳜱,5,fhhgxv,秃
󲢂,153,󳜱,5,fhgoxz,（土）坎
󲢃,155,󳜱,5,gpfhxz,（脊椎凹陷处）
󲢄,162,󳜱,5,fhghxm,1、阴（天）；2、冬眠；
󲢅,163,󳜱,5,fhghxz,浅
󲢆,164,󳜱,5,fjthxz,拉（屎）
󲢇,163,󳜱,5,fhghxz,不好
󲢈,164,󳜱,5,ghjrxb,些
󲢉,169,󳜱,5,gyjgxn,1、阻挡，阻拦；2、堵截；
󲢊,173,󳜱,5,gtfhhxn,低，矮；
󲢋,177,󳜱,5,ghgjxn,（盟誓）
󲢌,185,󳜱,5,ghfhxb,1、丢（脸）；2、（象声词）；
󲢍,187,󳜱,5,gjhhdxn,1、（高兴得发狂）；2、（重叠词缀）；
󲢎,190,󳜱,5,ghhgdxm,（渣蓬蓬（形容树木枝叶繁茂）
󲢏,200,󳜱,5,gqpghxc,（重叠词缀）
󲢐,205,󳜱,5,ghhgjxn,（角落）
󲢑,207,󳜱,5,ghghhxb,（卧倒，倒下）
󲢒,215,󳜱,5,fyjxv,1、衣（古语）；2、（彝语古部落名称）；3、（彝语古星星用词）；4、（汉族）；
󲢓,216,󳜱,5,ghdjjxc,渐渐
󲢔,224,󳜱,5,fhghxz,1、泣；2、（形容词缀）；
󲢕,224,󳜱,5,ghhghxb,假
󲢖,244,󳜱,5,gjthxn,有
󲢗,245,󳜱,5,gkgxn,（楼）梯
󲢘,247,󳜱,5,gghhhxc,1、市镇；2（街道，场坝）
󲢙,251,󳜱,5,ghghgxm,和平
󲢚,253,󳜱,5,ghgjxb,（鸟）鸣叫
󲢛,257,󳜱,5,gkfxn,搂
󲢜,260,󳜱,5,fhhhxz,胜
󲢝,260,󳜱,5,ghgpgxn,歪斜
󲢞,265,󳜱,5,fhhhgxn,柚栗子（一种灌木，生长在高寒山区）
󲢟,274,󳜱,5,ghjthxn,掺和
󲢠,278,󳜱,5,fjrxn,肥料，粪
󲢡,282,󳜱,5,ghjghxn,弓
󲢢,284,󳜱,5,gjhgxn,（人命）债
󲢣,287,󳜱,5,fhgtxn,1、手下；2、（管辖，辖区）
󲢤,288,󳜱,5,gkmxn,1、日；2、太阳；3、（福禄、福禄神）；4、（东方）；
󲢥,289,󳜱,5,gkdxv,投降
󲢦,289,󳜱,5,gkgxn,炉、堆（量词）
󲢧,295,󳜱,5,gghhhxn,凸；突出
󲢨,301,󳜱,5,ghgfxb,1、（祖）宗；2、祖灵，（祖宗的）神位；
󲢩,302,󳜱,5,fhghxn,睡（醒）
󲢪,304,󳜱,5,ggkxn,闲
󲢫,305,󳜱,5,ghgugxc,（祭祀用的）猪
󲢬,306,󳜱,5,ghgghxc,制作
󲢭,307,󳜱,5,gkgxn,佩服
󲢮,307,󳜱,5,ghghhxn,（胡椒）
󲢯,308,󳜱,5,ghjqxn,谁人
󲢰,314,󳜱,5,gugjxz,印（动词）
󲢱,314,󳜱,5,fjooxm,恩情
󲢲,319,󳜱,5,gjgfxz,柜子
󲢳,320,󳜱,5,ghfhxv,头、只、根、条、课（量词）
󲢴,322,󳜱,5,ghgiixb,1、皮壳；2、（花生）；
󲢵,326,󳜱,5,gjgjxz,（山）谷
󲢶,332,󳜱,5,gkqxn,1、（自然成）团；2、团结
󲢷,332,󳜱,5,ggkxn,上（状态动词）
󲢸,338,󳜱,5,gjfxv,1、（政令，政策）；2、人名用词；
󲢹,343,󳜱,5,dgdxm,1、花（动词）；2、花斑
󲢺,346,󳜱,5,djxz,处、圈（量词）
󲢻,348,󳜱,5,fvthxn,（蓑衣）
󲢼,,,,,重字
󲢽,349,󳜱,5,fkxz,1、仇，敌；2、打仗；
󲢾,349,󳜱,5,fjqxn,磨损
󲢿,352,󳜱,5,ghfgxz,门
󲣀,352,󳜱,5,ghhjxn,放，转
󲣁,358,󳜱,5,ghgghxz,1、借（要还原物）；2、（无须）
󲣂,366,󳜱,5,gjghgxb,搬移
󲣃,366,󳜱,5,ghghgxn,（祭）献
󲣄,367,󳜱,5,gffggxz,1、下子；2、会儿；
󲣅,369,󳜱,5,fjgxn,织
󲣆,372,󳜱,5,fhhhxz,古，先，前
󲣇,372,󳜱,5,ghgggxc,1、（野猫）；2、（黄鼠狼）；
󲣈,374,󳜱,5,gkyxn,又
󲣉,377,󳜱,5,gjggxn,噢（应允声）
󲣊,379,󳜱,5,gjugxn,印章
󲣋,382,󳜱,5,fgthxn,将要
󲣌,387,󳜱,5,gyghxv,（丧祭歌）
󲣍,8,󳜱,6,gghhhgxn,玻（璃）
󲣎,11,󳜱,6,ghgghgxn,（奉养）
󲣏,13,󳜱,6,fjhhxv,（用嘴）拱
󲣐,14,󳜱,6,gjgjxn,堆（动词）
󲣑,15,󳜱,6,gjfhxn,（芦苇）
󲣒,25,󳜱,6,ghghhgxn,1、锅；2、锅（量词）；
󲣓,52,󳜱,6,gyffxn,1、掷，瘊（子）；2、肉瘤；
󲣔,64,󳜱,6,ghtfggxn,1、空；2、零；
󲣕,79,󳜱,6,ghfjxz,1、对（正）；2、对（准）；
󲣖,90,󳜱,6,ghqjhxn,梯（量词）
󲣗,95,󳜱,6,ghggjxc,（毛）发
󲣘,96,󳜱,6,thtgfhxv,可爱
󲣙,102,󳜱,6,fjghxn,申报，禀报
󲣚,114,󳜱,6,ghghfgxb,线索
󲣛,115,󳜱,6,gjffxb,雇（工）
󲣜,115,󳜱,6,ghghggxb,（顽皮，俏皮）
󲣝,119,󳜱,6,fggggxn,夜
󲣞,120,󳜱,6,dhggxc,（不好意思；难为情）
󲣟,126,󳜱,6,gjgjtxn,逮（捕）
󲣠,133,󳜱,6,gjgjtxn,缴纳
󲣡,142,󳜱,6,fhyggxn,（架子猪（用作育肥的大猪））
󲣢,152,󳜱,6,fhpgjxm,短
󲣣,154,󳜱,6,ghggjxz,制造
󲣤,169,󳜱,6,fjthxn,（酒）曲
󲣥,171,󳜱,6,fhgoixz,调拌，搅
󲣦,178,󳜱,6,fhgthxm,（牛奶）
󲣧,179,󳜱,6,fmhghxn,祭牲
󲣨,180,󳜱,6,gdffxb,麻风病
󲣩,195,󳜱,6,dgjfxm,（摇）摆
󲣪,209,󳜱,6,gqhgjxv,（豆）荚
󲣫,211,󳜱,6,fjghxn,查认（字）
󲣬,214,󳜱,6,ghffxc,劈
󲣭,215,󳜱,6,fhgghxm,干（动词）
󲣮,229,󳜱,6,fhgfxm,1、（手）指；2、（脚）趾；
󲣯,230,󳜱,6,gjdxc,收拢
󲣰,232,󳜱,6,ghghqhxn,冷
󲣱,239,󳜱,6,fthioxn,移（栽）
󲣲,246,󳜱,6,gygfhxv,霹雳
󲣳,263,󳜱,6,gkghxm,前（天）
󲣴,273,󳜱,6,ghghhhxc,耙（名词）
󲣵,274,󳜱,6,gjthsxn,结合
󲣶,274,󳜱,6,fhdfxb,1、吓唬；2、吓跳；
󲣷,275,󳜱,6,gjhtgxn,1、（排行第二）；2、次；
󲣸,276,󳜱,6,fhgjtxb,1、筛（子）；2、（篦子）；3、（织机篦）；
󲣹,296,󳜱,6,gpqghgxn,麻烦
󲣺,296,󳜱,6,gjhhjxn,糟蹋
󲣻,297,󳜱,6,ffgghxm,嗜好
󲣼,300,󳜱,6,gjfgxn,甄子
󲣽,304,󳜱,6,gjghgxn,（真理）
󲣾,304,󳜱,6,ghhghgxn,腾，挪
󲣿,304,󳜱,6,ghgkxn,虎
󲤀,314,󳜱,6,fgkkgxn,顺利
󲤁,324,󳜱,6,dkxz,席（子）
󲤂,327,󳜱,6,fthghxn,1、续断（中药名）；2、人名用词；
󲤃,332,󳜱,6,dfhxm,北
󲤄,332,󳜱,6,dfgxm,糠
󲤅,332,󳜱,6,fhghthxz,记，忆
󲤆,333,󳜱,6,dhfxm,（灰尘）
󲤇,334,󳜱,6,gthgjxn,英勇、顽强
󲤈,337,󳜱,6,gjjhxn,1、铺垫；2、（凳子）；
󲤉,338,󳜱,6,gyffxz,痣
󲤊,340,󳜱,6,ghgkxm,（城墙）
󲤋,362,󳜱,6,ghhkxn,（蚂蝗）
󲤌,365,󳜱,6,gjghhhxn,们
󲤍,386,󳜱,6,igophgxn,1、薅；2、除草（拔除苗间的草）；
󲤎,4,󳜱,7,gghhdxc,泡（量词）
󲤏,10,󳜱,7,fhgghgxn,拐骗（人）
󲤐,43,󳜱,7,gkgpgxc,男子汉
󲤑,50,󳜱,7,gghgthhxn,（苍蝇）
󲤒,69,󳜱,7,fjdxm,隐瞒
󲤓,79,󳜱,7,frjhxn,疗（疮）
󲤔,81,󳜱,7,ghghiogxn,刺
󲤕,87,󳜱,7,fhfhgxn,（瞄准）
󲤖,116,󳜱,7,ghghgggxn,（和谐，和蔼）
󲤗,120,󳜱,7,ghggiogxn,1、脏；2、臭；
󲤘,120,󳜱,7,fhhgghxm,1、笛子；2、（迷信中的捉鬼）
󲤙,121,󳜱,7,ghgkgxn,压
󲤚,127,󳜱,7,gvffhxv,（脚趾被）碰
󲤛,153,󳜱,7,gjgfhgxn,榫头
󲤜,186,󳜱,7,gkmfxn,青年
󲤝,220,󳜱,7,ghfdxv,出（事故）
󲤞,235,󳜱,7,fpghghxm,秋
󲤟,236,󳜱,7,fhhjhxn,折叠
󲤠,261,󳜱,7,gpghpghxc,难
󲤡,274,󳜱,7,fjdfxb,快
󲤢,286,󳜱,7,gphhghhxn,敏捷
󲤣,296,󳜱,7,gjthghxn,1、酸痛；2、疾病（泛指）
󲤤,349,󳜱,7,gtfffxn,（灭）绝
󲤥,354,󳜱,7,ggpkhxn,（重叠词缀）
󲤦,356,󳜱,7,gjgthhxn,（芭蕉、香蕉）
󲤧,378,󳜱,7,hgffhxm,（植物的）嫩颠（尖）
󲤨,385,󳜱,7,fjjkxn,1、雨；2、冰雹；3、名词用词；
󲤩,70,󳜱,8,ghghffxn,屁
󲤪,157,󳜱,8,dhdhxm,（点）燃
󲤫,237,󳜱,8,fhghdxm,甜
󲤬,245,󳜱,8,ggkggxz,一绺（liu）线
󲤭,254,󳜱,8,ghgghgghxm,传承
󲤮,324,󳜱,8,gjgthghxn,（拳头）
󲤯,98,󳜱,9,dddxz,祭祀
󲤰,151,󳜱,9,gjddxc,荫
󲤱,214,󳜱,9,ghghtghthxm,封，包（量词）
󲤲,239,󳜱,9,fjgfjxn,1、烧；2、焚（尸），火葬；
󲤳,299,󳜱,9,gjfgdxc,嗫（嚅）（nieru）
󲤴,322,󳜱,9,ghtfdggxn,1、（布谷鸟）；2、（小杜鹃花）
󲤵,143,󳜲,1,hxz,一（数词）
󲤶,46,󳜲,2,hzxn,弹
󲤷,51,󳜲,2,hlxv,苔
󲤸,66,󳜲,2,hfxv,（抛弃）
󲤹,88,󳜲,2,hgxn,眨（眼）
󲤺,95,󳜲,2,hhxz,十（数词）
󲤻,107,󳜲,2,hhxz,滴（水）
󲤼,145,󳜲,2,hexv,（心胸）
󲤽,147,󳜲,2,hdxv,取（蜂蜜）
󲤾,180,󳜲,2,hjxz,病，痛
󲤿,196,󳜲,2,hoxz,立即
󲥀,218,󳜲,2,hyxz,越过
󲥁,225,󳜲,2,hsxz,（德行）
󲥂,270,󳜲,2,hyxv,星
󲥃,273,󳜲,2,hhxz,把（量词）
󲥄,300,󳜲,2,hgxv,二（量词）
󲥅,326,󳜲,2,hzxn,皱
󲥆,340,󳜲,2,hkxz,牢固
󲥇,360,󳜲,2,hvxn,害
󲥈,380,󳜲,2,hjxn,说
󲥉,312,󳜲,2,hfxz,核
󲥊,324,󳜲,2,hvxv,耽搁
󲥋,2,󳜲,3,hvhxn,（稀烂）
󲥌,5,󳜲,3,hhhxz,帮（助）
󲥍,7,󳜲,3,hhjxn,（量词）根、头、个、条、只
󲥎,41,󳜲,3,hgdxn,绘画
󲥏,51,󳜲,3,hghxz,（昨晚）
󲥐,57,󳜲,3,hghxn,俯卧
󲥑,57,󳜲,3,huhxz,尸（体）
󲥒,61,󳜲,3,hggxz,朝，向
󲥓,63,󳜲,3,hhhxz,东
󲥔,65,󳜲,3,hhhxc,1、干（燥）；2、穷（困）；
󲥕,76,󳜲,3,hghxn,磨（动词）
󲥖,78,󳜲,3,hyuxn,安心
󲥗,83,󳜲,3,hhhxz,1、顽皮，俏皮；2、开玩笑；
󲥘,85,󳜲,3,hphxz,挑拨
󲥙,89,󳜲,3,hhpxn,祖禄
󲥚,,,,,重字
󲥛,98,󳜲,3,hfxn,侧（身）
󲥜,99,󳜲,3,ghhxz,1、骑（动词）；2、骑（量词）；
󲥝,101,󳜲,3,hghxz,纠缠
󲥞,103,󳜲,3,hggxv,认真
󲥟,113,󳜲,3,hggxn,1、肝；2、（生血菜）
󲥠,116,󳜲,3,hthxv,（象声词）
󲥡,116,󳜲,3,hygxv,1、书；2、字；3、书信；
󲥢,118,󳜲,3,hfxv,三（数词）
󲥣,122,󳜲,3,ghhxz,1、柱子；2、极；
󲥤,126,󳜲,3,hhgxv,1、拼（力）；2、咬；
󲥥,129,󳜲,3,hgjxn,栽，种植
󲥦,131,󳜲,3,hhdxv,（螳螂）
󲥧,141,󳜲,3,hghxv,（麻疹）
󲥨,147,󳜲,3,hghxz,（壁虎）
󲥩,150,󳜲,3,hhpxm,（声音）
󲥪,151,󳜲,3,hhjxn,荸荠（荸荠）
󲥫,157,󳜲,3,hphxc,齐
󲥬,170,󳜲,3,hhoxz,妨碍
󲥭,171,󳜲,3,hppxm,烧（肉）的气味
󲥮,172,󳜲,3,hggxz,（火）旺
󲥯,178,󳜲,3,hjjxz,1、事情；2、事故；
󲥰,181,󳜲,3,huhxz,彝
󲥱,183,󳜲,3,hjxz,1、红；2、（火）旺；3、（部落名）；4、地名用词；5、人名用词；
󲥲,183,󳜲,3,hvhxz,堵（量词）
󲥳,187,󳜲,3,hfhxz,松脱
󲥴,188,󳜲,3,ghhxz,西（方）
󲥵,189,󳜲,3,hjtxz,摇动
󲥶,192,󳜲,3,hhyxn,沉（甸）
󲥷,194,󳜲,3,hhdxm,哼
󲥸,195,󳜲,3,hgpxn,下（雨）
󲥹,196,󳜲,3,hghxz,1、摇摆；2、（蠕动）
󲥺,196,󳜲,3,ghhxn,1、随便，胡乱；2、很、不得了（补语）；
󲥻,197,󳜲,3,hghxz,1、手；2、（私房）；2、（翅膀）；4、（胡琴）；
󲥼,199,󳜲,3,hpixm,山谷
󲥽,201,󳜲,3,hfgxv,1、（高山峻岭）；2、专用名词；3、（凤凰）；
󲥾,202,󳜲,3,hypxn,淤
󲥿,205,󳜲,3,ghfxm,（镰刀）
󲦀,210,󳜲,3,hgjxn,脱
󲦁,214,󳜲,3,hhoxz,纸，书
󲦂,220,󳜲,3,hjpxm,1、降落；2、落下；
󲦃,224,󳜲,3,hddxz,（络绎不绝）
󲦄,225,󳜲,3,hqqxn,围（堵）、围（攻）
󲦅,225,󳜲,3,hghxv,1、拨，扯；2、（词素）；
󲦆,227,󳜲,3,hghxb,（马）笼头
󲦇,227,󳜲,3,huoxb,嫌（人）
󲦈,228,󳜲,3,hpoxb,赚（钱）
󲦉,228,󳜲,3,hhtxb,1、转；2、转（动）；3、转（量词）；
󲦊,230,󳜲,3,hghxn,1、（设、购、添）置；2、专用名词；
󲦋,235,󳜲,3,hhhxz,切（动词）
󲦌,245,󳜲,3,hggxv,（盛粮食的）围席（名词、量词）
󲦍,251,󳜲,3,hjjxn,（说话切题）；
󲦎,257,󳜲,3,ghkxn,谢谢
󲦏,257,󳜲,3,hpgxn,1、童裙；2、（北斗七星）；
󲦐,259,󳜲,3,hjgxn,噎嗝（yege）
󲦑,295,󳜲,3,hghxn,戏
󲦒,301,󳜲,3,hghxn,1、天；2、日期
󲦓,305,󳜲,3,hghxv,1、七（数词）；2、专用名词；3、人名用词；
󲦔,308,󳜲,3,hzgxn,（认错）
󲦕,308,󳜲,3,hhpxn,（吆猪声）
󲦖,310,󳜲,3,hhgxn,楼
󲦗,326,󳜲,3,hphxc,（蕨）苔
󲦘,335,󳜲,3,hhhxn,搔（sao）
󲦙,349,󳜲,3,hlxn,骗
󲦚,353,󳜲,3,hhjxn,顶好，最好；
󲦛,365,󳜲,3,hhjxb,解（大、小便）
󲦜,367,󳜲,3,hfgxn,突然
󲦝,367,󳜲,3,hjxv,刀
󲦞,369,󳜲,3,hjgxb,1、与；2、（互）相；
󲦟,372,󳜲,3,hfgxc,1、得；2、（回答）
󲦠,372,󳜲,3,hhgxz,亲（爱）
󲦡,374,󳜲,3,hyvxn,（先前）
󲦢,377,󳜲,3,hhhxn,傻
󲦣,377,󳜲,3,hhhxn,（花）蕾
󲦤,381,󳜲,3,hthxn,万（数词）
󲦥,383,󳜲,3,hhgxv,1、（水）沸腾；2、（水）泛滥；3、（水）冒；
󲦦,389,󳜲,3,hjhxz,1、（海拔较低的河坝地区；2、（亚热带）；
󲦧,2,󳜲,4,hhggxb,1、根由；2、（格言，谚语）；
󲦨,3,󳜲,4,hhggxv,（受）伤
󲦩,4,󳜲,4,heppxn,1、参（与）；2、方面；
󲦪,8,󳜲,4,hyghxv,（襁）褓（包婴儿用的被子、毯等）
󲦫,8,󳜲,4,hgjxv,钢
󲦬,26,󳜲,4,hjhxv,开
󲦭,29,󳜲,4,hhhixn,背（动词）
󲦮,29,󳜲,4,hphixm,（小腿肚）
󲦯,30,󳜲,4,hhjxv,（颤）抖
󲦰,31,󳜲,4,hhghxm,婆家
󲦱,32,󳜲,4,hdhxm,茁壮
󲦲,42,󳜲,4,hfgxn,1、身体；2、（洗澡、月经（讳称））
󲦳,44,󳜲,4,hthhxz,芦笙，竹笙
󲦴,45,󳜲,4,hjhxz,作客
󲦵,48,󳜲,4,hhghxz,漏斗
󲦶,51,󳜲,4,hfhxn,（庄稼地里的）杂草
󲦷,54,󳜲,4,hhhgxv,各自
󲦸,56,󳜲,4,hhghxv,（向前）冲
󲦹,59,󳜲,4,hhggxv,1、做；2、（地名用词）；
󲦺,63,󳜲,4,hhghxm,1、（人名用词）；2、表示惊讶；
󲦻,66,󳜲,4,hjthxn,罚
󲦼,66,󳜲,4,hthfxn,可惜
󲦽,74,󳜲,4,hpghxv,擂
󲦾,77,󳜲,4,hghtxv,进、入
󲦿,78,󳜲,4,highxn,1、（桌子）；2、（磨担秋）；
󲧀,86,󳜲,4,hghgxz,（集中精力）听
󲧁,86,󳜲,4,hjhxn,同时
󲧂,88,󳜲,4,hgvhxn,分数
󲧃,90,󳜲,4,hdxv,（臁疮）
󲧄,99,󳜲,4,hhjxn,炷
󲧅,99,󳜲,4,hhhhxn,腥（气）、膻（味）
󲧆,100,󳜲,4,hvgvxn,潮湿
󲧇,104,󳜲,4,hfjxn,密
󲧈,101,󳜲,4,hfhxv,1、生长着；2、（人名用词）；
󲧉,104,󳜲,4,hfhxv,1、居住；2、（基业）；3、（地名用词）；
󲧊,114,󳜲,4,hgthxn,神
󲧋,118,󳜲,4,hyggxv,1、（木炭）；2、（樟木）；3、（香杉）；
󲧌,119,󳜲,4,hgghxn,（行动）迟缓、慢
󲧍,119,󳜲,4,hghhxn,雄伟
󲧎,120,󳜲,4,hfhxn,抚摸
󲧏,124,󳜲,4,hjjxz,忍
󲧐,128,󳜲,4,hthhxz,绣（花）
󲧑,129,󳜲,4,hjrxb,（舂）融
󲧒,130,󳜲,4,hghuxb,（双手）围，抱（量词）
󲧓,136,󳜲,4,hhfxb,下
󲧔,143,󳜲,4,hghgxb,剃（头）修（面）
󲧕,148,󳜲,4,hjjxn,（清晰明亮）
󲧖,157,󳜲,4,hhghxv,（算了，罢了）
󲧗,162,󳜲,4,hghpgxn,愁闷
󲧘,162,󳜲,4,hhfxc,（龙胆草）
󲧙,163,󳜲,4,hghhxn,（草果；缓和）
󲧚,169,󳜲,4,hfthxn,儴解
󲧛,171,󳜲,4,hhfxn,能装
󲧜,172,󳜲,4,hhthxn,绩（麻）
󲧝,173,󳜲,4,hthkx,芽
󲧞,173,󳜲,4,hhhgxc,坡
󲧟,173,󳜲,4,hjhxn,朋友
󲧠,173,󳜲,4,hyhjxv,近
󲧡,174,󳜲,4,hhogxc,（灰彩页）
󲧢,178,󳜲,4,hyjxc,鼻
󲧣,179,󳜲,4,hfggxc,逗（小孩）
󲧤,182,󳜲,4,hjgxc,（植物）出芽
󲧥,184,󳜲,4,hyjxb,1、硝（名词）；2、硝（动词）
󲧦,184,󳜲,4,hjgxv,秧（苗）
󲧧,184,󳜲,4,hhhgxc,孙
󲧨,190,󳜲,4,hhfxv,电
󲧩,191,󳜲,4,hgjxz,（散）乱
󲧪,194,󳜲,4,hdthxn,（楼枕）
󲧫,200,󳜲,4,hsghxv,（坑道）
󲧬,208,󳜲,4,hghjxn,1、松；2、宽松；
󲧭,223,󳜲,4,hhghxn,较量
󲧮,225,󳜲,4,hgggxb,（遮）挡
󲧯,233,󳜲,4,hjdxz,祭献
󲧰,252,󳜲,4,hjghxb,（麻）雀
󲧱,253,󳜲,4,hphgxn,填塞
󲧲,255,󳜲,4,hzggxn,（纸张、衣服）破烂
󲧳,259,󳜲,4,hghvxb,1、葱；2、（象声词）
󲧴,260,󳜲,4,hfhxz,（尾）巴
󲧵,262,󳜲,4,hhghxz,赚（钱），挣（钱）
󲧶,265,󳜲,4,hyhgxn,（（彝语北部方言）圣乍次方言）
󲧷,267,󳜲,4,hghhxz,1、锦；2、（锦江）
󲧸,268,󳜲,4,hhggxz,炼
󲧹,269,󳜲,4,hghgxn,1、紧；2、忙；3、（着）急；
󲧺,269,󳜲,4,hhhpxn,遗传
󲧻,270,󳜲,4,hgthxv,茶
󲧼,270,󳜲,4,hgghxn,忍（饿）
󲧽,271,󳜲,4,hgfxv,（酸角）
󲧾,272,󳜲,4,hghfxn,制度，规矩，法律，原则
󲧿,280,󳜲,4,hjthxv,肺
󲨀,280,󳜲,4,hqqhxv,（气）阻
󲨁,280,󳜲,4,hpghxn,1、粉青色；2、花白色；
󲨂,283,󳜲,4,hgggxn,1、六；2、六祖；
󲨃,289,󳜲,4,hjhxm,缺
󲨄,293,󳜲,4,hjexv,怀孕
󲨅,297,󳜲,4,hhhdxm,1、走动；2、散步；
󲨆,297,󳜲,4,hjhxn,（向上）冒
󲨇,303,󳜲,4,hkxz,1、青；2、（地支）；3、（人名用词）；4、（地名用词）；
󲨈,303,󳜲,4,hfffxn,踩
󲨉,308,󳜲,4,hghhxn,（从上下滑）声
󲨊,312,󳜲,4,hghgxn,谢谢
󲨋,320,󳜲,4,hjixz,1、（领）牌；2、古怪；
󲨌,324,󳜲,4,hhghxn,（保）佑
󲨍,336,󳜲,4,hhppxn,小时
󲨎,339,󳜲,4,hgghxn,糊（焦）
󲨏,344,󳜲,4,hhggxn,犁（名词）
󲨐,351,󳜲,4,hhhhxz,（屋檐下）
󲨑,361,󳜲,4,hjgxz,小（路），毛（路）；
󲨒,363,󳜲,4,hhphxn,大象
󲨓,363,󳜲,4,hdddxv,康复
󲨔,371,󳜲,4,huhhxz,（语气词）
󲨕,380,󳜲,4,hhbxn,九节狸；黄腰狸；白面狸；花狸；
󲨖,381,󳜲,4,hgjxn,畜牲（古语）
󲨗,386,󳜲,4,hfvxn,1、拌；2、调；
󲨘,390,󳜲,4,hghhxz,削（尖）
󲨙,1,󳜲,5,hhgihxn,关，闭
󲨚,1,󳜲,5,hghghxn,（乒乒砰砰）
󲨛,6,󳜲,5,hfhdxz,群（量词）
󲨜,17,󳜲,5,hghhixn,（臀部）
󲨝,19,󳜲,5,hgjgxn,翘
󲨞,19,󳜲,5,hhgghxm,（剖）开
󲨟,20,󳜲,5,hfhgxn,落（使动）
󲨠,31,󳜲,5,hththxn,（芋头）
󲨡,33,󳜲,5,hhghgxz,彗（星）
󲨢,35,󳜲,5,hyfdxm,（离开群体）
󲨣,39,󳜲,5,hjruxn,鬼
󲨤,42,󳜲,5,hkqxn,（蝴蝶）
󲨥,44,󳜲,5,hghhhxz,（监狱）
󲨦,44,󳜲,5,hgkxn,帮（名词）
󲨧,46,󳜲,5,hhkxz,捆（量词）
󲨨,54,󳜲,5,hkhggxn,（核桃）
󲨩,54,󳜲,5,hhoghxm,1、忘记（了）；2、（老鼠）；
󲨪,55,󳜲,5,hfjxv,兵、军
󲨫,67,󳜲,5,hhppgxn,发（给）
󲨬,69,󳜲,5,hfhhxn,1、（鬼）作祟；2、冤衍；
󲨭,71,󳜲,5,hihhhxm,1、（弟）兄；
󲨮,75,󳜲,5,hokxn,力
󲨯,83,󳜲,5,hjtfxn,（灶孔）
󲨰,83,󳜲,5,hjghxn,（虐待）
󲨱,89,󳜲,5,hfugxn,班、辈
󲨲,94,󳜲,5,hghghxb,捏
󲨳,95,󳜲,5,hddghxn,挤（奶）
󲨴,113,󳜲,5,hhgthxn,磨
󲨵,119,󳜲,5,hhghyxn,癫痫病
󲨶,122,󳜲,5,hthghxn,林
󲨷,123,󳜲,5,hghpgxn,大麦
󲨸,131,󳜲,5,hhghhxn,换（工）
󲨹,136,󳜲,5,hhgfxb,（围）堵（古语）
󲨺,136,󳜲,5,hjjxn,1、拿着；2、握；
󲨻,139,󳜲,5,hjggxc,喷嚏
󲨼,140,󳜲,5,hghghxz,累，疲倦
󲨽,140,󳜲,5,hhgghxn,下方
󲨾,143,󳜲,5,hfhgxn,（加盐佐料）泡
󲨿,150,󳜲,5,hfghxz,死板，不灵活
󲩀,151,󳜲,5,hghdhxn,割
󲩁,153,󳜲,5,hghghxn,鸽子，斑鸠
󲩂,162,󳜲,5,hjhhxn,（背扇）
󲩃,165,󳜲,5,hkhxn,（火）镰，（火石）
󲩄,167,󳜲,5,hjppxz,镶
󲩅,171,󳜲,5,hjggxb,肮脏，污染
󲩆,185,󳜲,5,hgjgxn,吸（烟）
󲩇,192,󳜲,5,hvfhxn,寻觅（踪迹）
󲩈,212,󳜲,5,hhhhkxm,跳
󲩉,221,󳜲,5,hthhdxm,1、舒适；2、（补药）；
󲩊,230,󳜲,5,hhghgxc,吸吮
󲩋,233,󳜲,5,hhhggxn,1、敬奉；2、祝（酒）；
󲩌,240,󳜲,5,hghghxn,贷、借（不还原物的借）
󲩍,246,󳜲,5,hqqqhxv,庶（民）
󲩎,248,󳜲,5,hjgpxc,（豆腐）
󲩏,249,󳜲,5,hhgfxb,尺（度）
󲩐,251,󳜲,5,hhghhxv,恶龙
󲩑,255,󳜲,5,hykxv,（鲸鱼）
󲩒,262,󳜲,5,ghthdxm,瘦（肉），精（肉）
󲩓,267,󳜲,5,hjkxb,（燕子）；（叽里，蟋蟀叫声）
󲩔,267,󳜲,5,hhgghxc,禁止
󲩕,268,󳜲,5,hghpgxc,兆（数词）
󲩖,269,󳜲,5,hkhxz,传染
󲩗,277,󳜲,5,hghgdxm,（生气，发怒）
󲩘,279,󳜲,5,hfhhxz,1、栖息；2、穴居；3、群；4；窝
󲩙,292,󳜲,5,hgjuxn,1、称，衡量；2、量
󲩚,299,󳜲,5,hkdxn,岔开
󲩛,299,󳜲,5,hghppxn,穿串
󲩜,299,󳜲,5,hgyggxv,（柿子）
󲩝,303,󳜲,5,hthhhxn,麸（fu）皮
󲩞,317,󳜲,5,hgkxn,玉
󲩟,331,󳜲,5,hjjhxn,（象声词）（禁不住发笑的声音）
󲩠,342,󳜲,5,hjghxm,前（后），周（围）
󲩡,351,󳜲,5,hhkxn,（天井）
󲩢,354,󳜲,5,hghhhxz,明（天）
󲩣,361,󳜲,5,hpfgxc,（石）沙
󲩤,368,󳜲,5,hpfhxv,（取钱）
󲩥,376,󳜲,5,hjfxv,卡
󲩦,380,󳜲,5,hghjxn,站（立）
󲩧,381,󳜲,5,hihhixz,嘴
󲩨,389,󳜲,5,hgyghxn,发烧
󲩩,10,󳜲,6,hdjxv,倒塌
󲩪,10,󳜲,6,hfhghxm,（一）切
󲩫,62,󳜲,6,hkgjxn,（什么）
󲩬,65,󳜲,6,hdffxz,招（手）
󲩭,67,󳜲,6,hjgggxz,威胁
󲩮,74,󳜲,6,hhggghxn,1、（吉利）；2、（人名用词）
󲩯,88,󳜲,6,hhgthhxn,留（念、下）
󲩰,96,󳜲,6,hggkxn,药
󲩱,97,󳜲,6,hgkgxn,1、（沼泽地）；2、（人名用词）；
󲩲,98,󳜲,6,hfhggxn,钻、凿
󲩳,100,󳜲,6,hffhxn,（墨水）
󲩴,101,󳜲,6,hkgtxc,1、潲（雨）；2、（白鹇（鸟名））；
󲩵,122,󳜲,6,hgjggxn,住宿
󲩶,125,󳜲,6,hjghjxn,揉
󲩷,119,󳜲,6,hgrjxn,棕（树）
󲩸,130,󳜲,6,hghhghxn,抱
󲩹,135,󳜲,6,hfhghhxz,狠
󲩺,147,󳜲,6,hfjpxn,碰
󲩻,149,󳜲,6,hfhfxn,除（掉）
󲩼,153,󳜲,6,hggpghxn,（傻子）
󲩽,166,󳜲,6,hhffxv,定
󲩾,167,󳜲,6,hhghggxn,（花衣服（专指彝族妇女上衣盛装））
󲩿,203,󳜲,6,hfjdxn,1、角落；2、拐角；
󲪀,203,󳜲,6,hgjthxn,（饲养）槽
󲪁,221,󳜲,6,hhddxm,（质量）特差
󲪂,234,󳜲,6,hhthhgxn,（胎盘）
󲪃,251,󳜲,6,hgfhpxn,（向神）许愿
󲪄,263,󳜲,6,hgghgfxz,总是
󲪅,280,󳜲,6,hhghhhxn,堵塞
󲪆,286,󳜲,6,hghghhxn,扫
󲪇,286,󳜲,6,hjgjxn,（形容词缀）
󲪈,287,󳜲,6,hthgjxn,焙
󲪉,296,󳜲,6,gphfhxz,辛苦、劳累
󲪊,301,󳜲,6,hghhhhxn,（（对姨母、婶娘、伯母等的间接）称呼）
󲪋,303,󳜲,6,hjufxn,（故）事
󲪌,312,󳜲,6,hghghgxn,家、户
󲪍,347,󳜲,6,hffhxz,古代彝族首领为建立政权而祭天、地、祖宗时举行“过关祈福”的一种仪式
󲪎,362,󳜲,6,hjjdxm,（用手）剔
󲪏,371,󳜲,6,ghghghxm,突（然）、忽（然）
󲪐,385,󳜲,6,hfjuxn,守卫、保卫
󲪑,78,󳜲,7,hjffxv,慎重
󲪒,81,󳜲,7,hyhgyhgxn,哼、叫
󲪓,114,󳜲,7,hgjthhxn,粗糙
󲪔,138,󳜲,7,hfhjhxn,戴（使动）
󲪕,147,󳜲,7,hhffhxn,（子弹）上（堂）
󲪖,187,󳜲,7,hhhhgghxm,过（新年）
󲪗,187,󳜲,7,hhffyxn,饱满
󲪘,202,󳜲,7,hhthhgghxn,天井
󲪙,217,󳜲,7,kgjhxn,满
󲪚,225,󳜲,7,hghhghxn,发热
󲪛,268,󳜲,7,hghjjxz,轿（子）
󲪜,288,󳜲,7,hhffpxn,1、悲（伤）；2、（疲倦）
󲪝,296,󳜲,7,hjthghxn,板（面孔）
󲪞,354,󳜲,7,hghhghtxn,1、丢、扔；2、抛弃；
󲪟,34,󳜲,8,hjpjuhxn,伴随
󲪠,101,󳜲,8,hjfjhxn,1、（堆）尖；2、过分
󲪡,289,󳜲,8,hkghthxn,1、场、坝子，街道，场坝；2、场（量词）；
󲪢,259,󳜲,9,hghhhthghxn,减（少）、减（产）
󲪣,375,󳜲,9,hhddgxn,止沸
󲪤,26,󳜲,10,hffgffxn,扇（量词）
󲪥,17,󳜳,2,fpxm,（开）裂
󲪦,39,󳜳,2,fmxn,熟地（开垦后种熟了的地）
󲪧,50,󳜳,2,fgxz,皇帝
󲪨,173,󳜳,2,fgxv,香（味）
󲪩,191,󳜳,2,fsxm,菲篥（li）（一种吹奏的草杆乐器）
󲪪,219,󳜳,2,fhxm,1、落（在）；2、掉在；
󲪫,243,󳜳,2,fgxz,在
󲪬,257,󳜳,2,fgxm,1、汉（族）；2、商（彝语古语）；
󲪭,335,󳜳,2,fgxz,征（税）；
󲪮,340,󳜳,2,fdxz,绺（liu）（量词）
󲪯,353,󳜳,2,fjxm,（穷骨皮上撞伤）起泡
󲪰,358,󳜳,2,ffxz,我
󲪱,380,󳜳,2,ffxm,八（数词）
󲪲,7,󳜳,3,fgsxz,拜（年、天地）
󲪳,24,󳜳,3,figxz,1、族（人）；2、（某地、某类）人；3、（姑父、公公）；
󲪴,35,󳜳,3,fhgxm,（乐器的）簧片
󲪵,40,󳜳,3,fogxm,（田埂）
󲪶,56,󳜳,3,fhpxn,（语气助词）嘛
󲪷,67,󳜳,3,fvpxn,孵（动词）
󲪸,77,󳜳,3,fgfxv,1、混沌；2、浑浊；
󲪹,86,󳜳,3,fdhxc,制造
󲪺,89,󳜳,3,fyhxn,1、剪；2、裁剪；
󲪻,102,󳜳,3,fffxn,1、（抬）高、（垫）高；2、（敷衍）；
󲪼,103,󳜳,3,fggxn,一同，同时
󲪽,105,󳜳,3,fffxm,皴（cun）裂（（皮肤）因受冻而裂开）
󲪾,106,󳜳,3,fghxm,爱惜
󲪿,110,󳜳,3,fegxm,节省
󲫀,117,󳜳,3,ftgxm,的（人）
󲫁,124,󳜳,3,fghxm,1、掌握；2、（古时人名用词）
󲫂,126,󳜳,3,fthxz,（次）第
󲫃,131,󳜳,3,fgoxm,起
󲫄,131,󳜳,3,fgyxn,扶（老、弱）
󲫅,153,󳜳,3,fhhxz,1、敲打、击打；2、（斗殴）；
󲫆,154,󳜳,3,ffhxz,（拘禁、禁闭）
󲫇,158,󳜳,3,ffgxc,浓
󲫈,158,󳜳,3,fghxm,（决定）
󲫉,159,󳜳,3,ffxv,通（达）
󲫊,160,󳜳,3,ffxb,能
󲫋,169,󳜳,3,fggxn,（拼着）耍
󲫌,171,󳜳,3,fpixm,丢弃
󲫍,174,󳜳,3,fvvxm,（祷告）
󲫎,182,󳜳,3,fhhxm,颤（抖）
󲫏,183,󳜳,3,ffvxm,仇怨
󲫐,184,󳜳,3,fghxc,生、繁殖
󲫑,185,󳜳,3,fgoxz,挺（胸、腰、肚）
󲫒,189,󳜳,3,fffxz,惩治
󲫓,192,󳜳,3,fhixm,1、重；2、（沉甸甸）；
󲫔,192,󳜳,3,fghxm,1、（叙述）；2、（彝文文献的一种）；
󲫕,197,󳜳,3,fgqxz,（重叠词缀）
󲫖,203,󳜳,3,fchxz,1、闺女；2、（古语地名用词）；
󲫗,204,󳜳,3,fffxn,动
󲫘,205,󳜳,3,fgdxm,1、挥舞、抡；2、（地名用词）；
󲫙,209,󳜳,3,fghxm,篇（量词）
󲫚,220,󳜳,3,fgtxb,闲（闲人、游手好闲）
󲫛,224,󳜳,3,fvgxz,后脑勺
󲫜,231,󳜳,3,fgfxm,（词素）
󲫝,235,󳜳,3,fhhxn,篱笆
󲫞,237,󳜳,3,fgpxm,孤、寡
󲫟,243,󳜳,3,fuhxn,1、（秋千）；2、（招古，彝族撒尼支系一种祭祀活动）；
󲫠,249,󳜳,3,ffixm,1、乍（彝族“六祖”的第二支系名称）；2、（人名用词。乍木，彝族先民中最早出现的一位毕摩）；
󲫡,254,󳜳,3,ffgxz,（（向神）还愿）
󲫢,259,󳜳,3,fffxm,唆（狗）
󲫣,262,󳜳,3,fgixn,寻、找
󲫤,262,󳜳,3,fggxm,安放
󲫥,272,󳜳,3,ffgxc,（凑在一起）
󲫦,277,󳜳,3,fhyxn,俯冲
󲫧,278,󳜳,3,fghxz,脚
󲫨,279,󳜳,3,fggxn,（蟋蟀）
󲫩,297,󳜳,3,fghxz,经过、通过
󲫪,300,󳜳,3,fvfxn,镊子
󲫫,314,󳜳,3,ffqxz,1、（年景）；2、（三界四极）；
󲫬,320,󳜳,3,fghxm,1、（雨）停；2、（集市）散；
󲫭,321,󳜳,3,fghxv,从
󲫮,338,󳜳,3,foixm,（木盔（餐具））
󲫯,342,󳜳,3,fggxv,断定
󲫰,342,󳜳,3,fggxb,零碎
󲫱,381,󳜳,3,fggxz,房
󲫲,5,󳜳,4,ffjxm,替（他做）
󲫳,6,󳜳,4,fghgxz,同类
󲫴,32,󳜳,4,fgjxm,1、（豆）荚；2、（酸角）；
󲫵,46,󳜳,4,fghfxz,笨（不灵活）；
󲫶,46,󳜳,4,fgjxm,1、说；2、语言
󲫷,57,󳜳,4,fjfxz,（唢呐）
󲫸,71,󳜳,4,fggxv,客（做客、客店）
󲫹,72,󳜳,4,fgjhxn,漂（树叶水上漂）
󲫺,75,󳜳,4,fghixm,窄
󲫻,76,󳜳,4,fgghxv,1、武（彝族先世中一个部族名称）；2、（武慕（彝语指皇帝））；3、（阿武（彝族支系名））；4、（武僰（bo）（彝族先世武部族中僰人一支））；
󲫼,78,󳜳,4,fqggxv,（形容词）
󲫽,89,󳜳,4,ffggxm,鹿
󲫾,93,󳜳,4,fghfxm,1、（用手指）撮；2、撮（量词）；
󲫿,100,󳜳,4,fgfxm,1、（脊椎凹陷处）；2、（幽默、风趣、诙谐）；
󲬀,103,󳜳,4,fghhxn,（应该）
󲬁,105,󳜳,4,ffhxm,钉（子）
󲬂,106,󳜳,4,fghgxn,歪斜
󲬃,106,󳜳,4,ffhxv,防备
󲬄,106,󳜳,4,fhfxm,禁忌
󲬅,110,󳜳,4,fjgxn,（首长）
󲬆,110,󳜳,4,fyhgxz,强（强权）
󲬇,134,󳜳,4,ffghxn,（蜥蜴）
󲬈,139,󳜳,4,ffixm,（口、乳、胸）罩
󲬉,140,󳜳,4,ffhxz,（牛马）劳伤
󲬊,150,󳜳,4,fdxv,1、（虚荣、爱打扮）；2、（地区、区域）；3、（那里）；
󲬋,153,󳜳,4,fjjxz,如、及（我不及他）
󲬌,153,󳜳,4,fqjxm,1、倒；2、翻（翻车）
󲬍,161,󳜳,4,fgjxz,推、掀
󲬎,181,󳜳,4,ffsxm,鞋（子）
󲬏,188,󳜳,4,fghgxz,1、厩（名词）；2、（量词）（一圈羊）；
󲬐,190,󳜳,4,fgggxn,（衣服）皱
󲬑,191,󳜳,4,ffhxm,劝（酒、饭）
󲬒,191,󳜳,4,fgiixm,（坟墓）
󲬓,195,󳜳,4,fghqxn,（公牛）
󲬔,221,󳜳,4,fhfdxm,（生意）做成
󲬕,246,󳜳,4,fkxz,1、奴（婢）（当奴隶、伺候、服侍）；2、（人名用词）；
󲬖,248,󳜳,4,fqfxv,多、余、剩
󲬗,254,󳜳,4,fefxm,债务
󲬘,257,󳜳,4,fgthxz,1、交叉着、交错；2、（裙子）；
󲬙,268,󳜳,4,fgjxc,胆（猪胆、熊胆）
󲬚,269,󳜳,4,fghhxn,样（花样、模样）
󲬛,272,󳜳,4,fpghxz,（马嚼环）
󲬜,280,󳜳,4,fgfgxm,枪（手枪）
󲬝,284,󳜳,4,fgggxb,（裤）腰
󲬞,284,󳜳,4,fdgtxv,偿还、赔偿
󲬟,287,󳜳,4,ffgxm,闪（电）
󲬠,300,󳜳,4,fdxz,关系（（没）有关系）
󲬡,306,󳜳,4,ffhxm,（迎）接（客人）
󲬢,314,󳜳,4,fgzgxm,笑
󲬣,330,󳜳,4,fggdxm,（刀）鞘
󲬤,342,󳜳,4,fgppxm,通达、知晓、懂得
󲬥,347,󳜳,4,fgioxz,（砍柴刀）
󲬦,347,󳜳,4,fggqxn,（碗）
󲬧,383,󳜳,4,fghhxz,晕（头晕）
󲬨,387,󳜳,4,fthfxm,等待、等候
󲬩,7,󳜳,5,fjjxz,（须）根
󲬪,31,󳜳,5,fhggpxm,煮（酒颗）
󲬫,46,󳜳,5,fhgggxz,射（箭）
󲬬,46,󳜳,5,fgkxm,（梦）呓、语、话
󲬭,61,󳜳,5,fkgxm,1、温暖；2、晒（太阳）；
󲬮,63,󳜳,5,fghjxz,1、（纠缠）；2、（报应（恶果））；
󲬯,65,󳜳,5,fdhxz,摔（掉）（摔跤、被马摔下）
󲬰,65,󳜳,5,fffxm,1、权、政权；2、执法、司令；3、权势；
󲬱,70,󳜳,5,fhgggxc,用（用筷子、用钱）
󲬲,80,󳜳,5,fghphxn,（勇敢）
󲬳,88,󳜳,5,fghggxc,取（取火种）
󲬴,122,󳜳,5,fhghjxz,（象声词）
󲬵,127,󳜳,5,fthghxm,栓、系（栓猪）
󲬶,129,󳜳,5,fthhgxm,搅（浑浊）（把水搅浑了，搅（转））
󲬷,145,󳜳,5,fkgxn,（物体落水声、零零碎碎）
󲬸,164,󳜳,5,fgdxv,1、戴；2、穿（鞋子）；
󲬹,170,󳜳,5,ffhhxm,担任（担任工作）
󲬺,178,󳜳,5,fhhfhxn,吗（语气助词）
󲬻,185,󳜳,5,fghghxn,1、（樱桃）；2、（地名用词）；
󲬼,206,󳜳,5,fhghhxm,炸（爆炸）
󲬽,206,󳜳,5,fdfxm,1、（急火）烧；2、（象声词）（拖木棒之声）
󲬾,211,󳜳,5,fuhgdxv,归属
󲬿,233,󳜳,5,fhfhxm,成见
󲭀,261,󳜳,5,fghggxc,1、辛苦；2、气馁、疲倦；
󲭁,268,󳜳,5,fhggfxn,驮（名、量词）
󲭂,268,󳜳,5,fjjxm,（马）镫
󲭃,273,󳜳,5,fhhtgxn,犟
󲭄,277,󳜳,5,fhgghxc,编（篱笆）
󲭅,293,󳜳,5,fjqgxv,1、路；2、道理；
󲭆,296,󳜳,5,fghhgxz,1、（索梯）；2、（船桨）；
󲭇,307,󳜳,5,fgpghxc,生气
󲭈,307,󳜳,5,fghggxn,放（无响声的屁）
󲭉,313,󳜳,5,fgyfxz,悲恸
󲭊,329,󳜳,5,fgkxb,冠（子）
󲭋,329,󳜳,5,fgkxc,（排行第五）
󲭌,329,󳜳,5,fgjhxm,1、收（收庄稼）；2、招（招工）；
󲭍,355,󳜳,5,fjgfxn,（肋骨）
󲭎,381,󳜳,5,fghjxm,1、茬（名词）；2、茬（量词）；3、（大季小季）；
󲭏,387,󳜳,5,fgjdxm,（毕摩的法帽）
󲭐,31,󳜳,6,fhggghxm,（开）裂
󲭑,40,󳜳,6,ffffxm,片（量词）
󲭒,49,󳜳,6,fjijxm,（肮脏）
󲭓,156,󳜳,6,fjgjxz,（语气词）：呢；吗；啊；
󲭔,209,󳜳,6,fghfhxz,枯萎
󲭕,216,󳜳,6,fghhfxn,展（览）
󲭖,272,󳜳,6,fhthghxn,（因为）
󲭗,272,󳜳,6,fighhoxz,1、提（花），（刺绣的一种方法）；2、（地名用词）；
󲭘,273,󳜳,6,fdgkxn,1、稀疏；2、（词缀）；
󲭙,301,󳜳,6,fqhgggxv,1、幼、小；2、（兄弟、姐妹、家族）；3、（婶婶、后娘）；4、幺；
󲭚,304,󳜳,6,fthgggxz,糯（谷、米）
󲭛,334,󳜳,6,fgjfxb,簸（东西）
󲭜,341,󳜳,6,fgjjxz,（天）明、亮
󲭝,342,󳜳,6,fjgghxm,1、拌；2、（荞圪塔）；3、蒸（饭）；
󲭞,52,󳜳,7,fqjkxv,蔫
󲭟,85,󳜳,7,fddxm,（供）养
󲭠,146,󳜳,7,fhtghthxm,点（动词）（点豆腐、点眼药水）
󲭡,214,󳜳,7,fghjjxn,催
󲭢,229,󳜳,7,fgffgxm,（形容词缀）
󲭣,296,󳜳,7,fgjjgxc,折磨
󲭤,296,󳜳,7,fhgggfxm,1、涂抹；2（乌马）；3（孔雀）；
󲭥,307,󳜳,7,fggkgxn,（炒面）（名词）
󲭦,293,󳜳,8,fthgggggxm,枯萎
󲭧,17,󳜴,2,fpxz,（瘿袋）（大脖子）
󲭨,101,󳜴,2,foxz,（踩水）（游泳的一种动作）
󲭩,116,󳜴,2,fyxv,（口袋）
󲭪,148,󳜴,2,fhxz,（初）一
󲭫,180,󳜴,2,fjxz,听
󲭬,325,󳜴,2,fmxv,（挑箩）
󲭭,362,󳜴,2,fpxn,1、啃；2、咬（使动）；
󲭮,369,󳜴,2,fjxn,（砚台）
󲭯,376,󳜴,2,fhxn,（语气词）啊
󲭰,1,󳜴,3,fghxz,盖
󲭱,3,󳜴,3,fyhxv,严重、惨重
󲭲,5,󳜴,3,fphxv,钩
󲭳,13,󳜴,3,fghxz,1、驯服；2、（田）埂；
󲭴,19,󳜴,3,fyjxn,1、幅（量词）；2、匹（布的量词）；
󲭵,26,󳜴,3,fhfxz,1、（说）明；2、（过分）；
󲭶,42,󳜴,3,fgjxn,（送）脱
󲭷,43,󳜴,3,fghxv,（你、我、他）家
󲭸,47,󳜴,3,fugxn,富裕
󲭹,63,󳜴,3,fuyxv,（母羊）舔（崽）
󲭺,65,󳜴,3,fjjxn,甩
󲭻,87,󳜴,3,fhhxv,（强调）
󲭼,106,󳜴,3,fjxv,1、双、对（量词）2、双（数）、偶（数）
󲭽,124,󳜴,3,fghxv,（形容词缀）（亮晶晶）
󲭾,137,󳜴,3,fppxz,（马铜铃）
󲭿,144,󳜴,3,fghxc,踏（脚）
󲮀,145,󳜴,3,fhjxz,（拐杖）
󲮁,150,󳜴,3,fgmxn,（埋怨）
󲮂,154,󳜴,3,fpixz,（芋头）
󲮃,158,󳜴,3,fpdxm,1、印记；2、线索、迹象；
󲮄,161,󳜴,3,fghxn,（形容词缀）（静悄悄）
󲮅,168,󳜴,3,fhhxm,1、丢；2、投掷；
󲮆,184,󳜴,3,fovxb,闪（动）
󲮇,184,󳜴,3,fhqxn,（八角）
󲮈,190,󳜴,3,fghxz,延缓时间；缓（期）
󲮉,198,󳜴,3,fggxz,（斗笠）
󲮊,208,󳜴,3,fhhxn,团（量词）
󲮋,217,󳜴,3,fvvxv,迟
󲮌,232,󳜴,3,fhvxb,山羊
󲮍,250,󳜴,3,fqgxn,晌午（饭）
󲮎,253,󳜴,3,fghxc,错
󲮏,257,󳜴,3,fthxz,（燕麦）
󲮐,279,󳜴,3,fhdxm,（果断）
󲮑,309,󳜴,3,fghxn,砸
󲮒,316,󳜴,3,fggxn,（宝剑）
󲮓,316,󳜴,3,fguxn,蚁
󲮔,324,󳜴,3,fjxz,关（心）
󲮕,331,󳜴,3,fghxz,细（用来粉末状的物体等）
󲮖,334,󳜴,3,fefxn,槽
󲮗,340,󳜴,3,fggxz,到
󲮘,346,󳜴,3,fhhxn,（砂锅）
󲮙,369,󳜴,3,fjxz,1、鸡；2、酉（地支）；3、（地名用词）；4、（芫荽）；
󲮚,370,󳜴,3,fepxn,1、（无兴趣）；2、（无力气）；
󲮛,383,󳜴,3,fffxv,（马、羊）叫
󲮜,390,󳜴,3,fjjxv,急（食）
󲮝,10,󳜴,4,fgjxc,1、保护；2、担保；
󲮞,17,󳜴,4,fjgxz,价值、价格
󲮟,18,󳜴,4,fhhgxb,卷（衣袖、裤脚等）
󲮠,21,󳜴,4,fgjxc,（碓）担
󲮡,27,󳜴,4,fhghxz,豁（出）
󲮢,40,󳜴,4,fhfxv,破、损
󲮣,55,󳜴,4,fpghxc,（苗族）
󲮤,56,󳜴,4,fgghxc,不（否定副词）
󲮥,83,󳜴,4,fthgxn,1、（毛茸茸）；2、（面容憔悴）；
󲮦,94,󳜴,4,fdthxn,堵塞（洞口）
󲮧,102,󳜴,4,fjpxm,（后缀词）（红红的）
󲮨,106,󳜴,4,fgjxv,1、边缘；2、棱角；
󲮩,107,󳜴,4,fghgxv,椒类
󲮪,122,󳜴,4,fjgxn,取（下）
󲮫,122,󳜴,4,fghgxc,（语音）清脆
󲮬,128,󳜴,4,fihhxz,估计、估量；
󲮭,131,󳜴,4,fjdxn,（眼睛盯着看）
󲮮,133,󳜴,4,fjdxv,（一下、一会儿）
󲮯,145,󳜴,4,ffhxv,砣（量词）
󲮰,152,󳜴,4,fhofxz,赊（账）
󲮱,156,󳜴,4,fithxv,（袜子）
󲮲,167,󳜴,4,fgghxz,顽皮、俏皮；
󲮳,180,󳜴,4,fjdxz,肯
󲮴,181,󳜴,4,feffxn,（清明）
󲮵,183,󳜴,4,fifxc,光、赤；
󲮶,189,󳜴,4,fpghxn,顶替
󲮷,190,󳜴,4,fjhxv,（使）动
󲮸,205,󳜴,4,fhthxm,（死板、不灵活）
󲮹,207,󳜴,4,fggixz,1、安慰；2、诓；
󲮺,207,󳜴,4,ffthxn,扁（形）
󲮻,239,󳜴,4,fpjxn,哄
󲮼,247,󳜴,4,fhghxv,1、牵、延申；2、（发展、昌盛）
󲮽,260,󳜴,4,fkxn,撒（播）
󲮾,255,󳜴,4,fhghxb,撕
󲮿,262,󳜴,4,fhghxv,1、汗渍；2、污垢；
󲯀,266,󳜴,4,fghgxn,样
󲯁,267,󳜴,4,fyhhxn,（渺小、细微）
󲯂,292,󳜴,4,ffjxz,康复
󲯃,302,󳜴,4,fhgjxn,笙
󲯄,307,󳜴,4,fujxn,毡子
󲯅,315,󳜴,4,ffhxn,（啊呀）表示叹息
󲯆,321,󳜴,4,fhfhxm,（半夏）
󲯇,333,󳜴,4,fhjxn,1、筐、箩、笼；2、（量词）；
󲯈,341,󳜴,4,fjhxn,羡慕
󲯉,359,󳜴,4,fjgxn,（额头）
󲯊,361,󳜴,4,fhgvxn,华（美）
󲯋,364,󳜴,4,fhogxz,纠缠
󲯌,370,󳜴,4,fgjxz,间（天地之间）
󲯍,379,󳜴,4,fghuxz,（盐）咸
󲯎,82,󳜴,5,fghfxc,积、攒（钱）
󲯏,86,󳜴,5,fygugxn,（牲畜）刨（地）
󲯐,100,󳜴,5,fphphxn,（冻菌）
󲯑,103,󳜴,5,fgjfxm,虎（别称）
󲯒,103,󳜴,5,ffhfxm,（心）慌
󲯓,105,󳜴,5,fffxv,花（斑纹）
󲯔,121,󳜴,5,fgjgxn,（象声词）
󲯕,147,󳜴,5,fthhhxv,盖（屋顶）
󲯖,149,󳜴,5,ffhgxn,出力、奉献
󲯗,159,󳜴,5,fghthxn,（名声、身份、地位）
󲯘,165,󳜴,5,fgjuxn,（打）破
󲯙,165,󳜴,5,fgghgxv,（习惯）
󲯚,194,󳜴,5,fggthxn,（囤箩）
󲯛,215,󳜴,5,fgyghxv,设（宴）
󲯜,255,󳜴,5,fjugxc,（乱）撕，扯；
󲯝,263,󳜴,5,ffjxv,草；（稻草、泛指草类）
󲯞,269,󳜴,5,fghghxn,苦（味道）
󲯟,270,󳜴,5,fghghxn,馋
󲯠,321,󳜴,5,fhggixz,（叹息声（表示不如意））
󲯡,326,󳜴,5,fgifxb,挜（硬把东西送给或者卖个别人）
󲯢,338,󳜴,5,fggjxc,1、盘、馆；2、（量词）；
󲯣,343,󳜴,5,fghhgxn,（（籽粒）饱满、壮实）
󲯤,33,󳜴,6,fhghgjxn,（便宜）
󲯥,68,󳜴,6,fhffxn,1、（猪）叫；2、（象声词）；
󲯦,87,󳜴,6,fjfhxn,走样
󲯧,135,󳜴,6,fffhxz,凝结、凝固
󲯨,186,󳜴,6,ffighxc,（砍柴刀）
󲯩,232,󳜴,6,fhthghxn,1、惊（醒）；2、易受惊；3、（很有精神）；
󲯪,296,󳜴,6,fththgxn,软弱
󲯫,344,󳜴,6,fjiopxn,（（象声词）枪炮声）
󲯬,55,󳜴,7,fhgfjxv,（杜鹃）
󲯭,59,󳜴,7,fjgjhxn,（瞌睡）
󲯮,174,󳜴,7,fhtghthxv,（稀巴烂）
󲯯,258,󳜴,7,fkthfxn,（筲箕）
󲯰,279,󳜴,7,fffjhxn,1、迁、启；2、取；
󲯱,241,󳜴,9,ffddxv,碎
󲯲,115,󳜵,2,foxb,（（厦子）小屋檐）
󲯳,140,󳜵,2,fyxb,填
󲯴,317,󳜵,2,fhxb,（姑父）
󲯵,372,󳜵,2,fpxb,（以）后
󲯶,22,󳜵,3,fhgxb,（凡是）
󲯷,30,󳜵,3,fhgxn,欠（债）
󲯸,47,󳜵,3,fooxb,免疫
󲯹,56,󳜵,3,fpgxb,（饭（儿语））
󲯺,73,󳜵,3,fhhxb,掏（沟、水井等）
󲯻,101,󳜵,3,fiixb,恨、讨厌
󲯼,113,󳜵,3,fjxz,1、知道；2、（知识）；
󲯽,137,󳜵,3,fhyxc,捧
󲯾,138,󳜵,3,fjhxc,垫
󲯿,167,󳜵,3,fpyxb,1、喝；2、吸；
󲰀,202,󳜵,3,fohxb,獐（子）
󲰁,281,󳜵,3,ffgxb,偷盗
󲰂,328,󳜵,3,fghxz,正在
󲰃,356,󳜵,3,fhuxn,（草鞋）
󲰄,365,󳜵,3,fppxb,（你、我、他）们
󲰅,38,󳜵,4,ftfgxb,（显然）
󲰆,40,󳜵,4,fjfxb,1、薄；2、稀疏；
󲰇,60,󳜵,4,fyfxb,网
󲰈,76,󳜵,4,fgjxb,沤
󲰉,102,󳜵,4,fgfgxn,（告状）
󲰊,110,󳜵,4,fkxz,盛（世）
󲰋,122,󳜵,4,fhgqxz,甩打
󲰌,128,󳜵,4,fgghxz,想、欲
󲰍,149,󳜵,4,fjgxz,1、（天）地；2、（世上凡间）；
󲰎,156,󳜵,4,fdxb,（可惜）
󲰏,159,󳜵,4,fghgxz,得（助词）
󲰐,186,󳜵,4,ffhxb,（（重叠词缀）（毛发）蓬松）
󲰑,192,󳜵,4,fjgxb,害（命）
󲰒,195,󳜵,4,ffgxb,蟒
󲰓,242,󳜵,4,fvvvxb,排行第四
󲰔,311,󳜵,4,fhfxc,1、合缝；2、合拢；
󲰕,324,󳜵,4,fiiixb,烤（火，一般指取暖）；
󲰖,326,󳜵,4,fftxb,（牛枷担（农具））
󲰗,35,󳜵,5,ffygxb,（竹簾子（晒萝卜丝用））
󲰘,53,󳜵,5,fkkxb,1、绸缎；2、衣（古语）；
󲰙,64,󳜵,5,fkgxb,挑（使动）
󲰚,68,󳜵,5,fhgghxb,1、婚姻；2、许配；
󲰛,105,󳜵,5,ffhgxb,架、台（量词）
󲰜,199,󳜵,5,fdyxb,（（形容词缀）（黑黝黝）
󲰝,281,󳜵,5,fhghhxb,1、伤（说话伤人）；2、亏；
󲰞,311,󳜵,5,fhhghxc,1、（纸）；2、（书刊、报纸）；
󲰟,358,󳜵,5,fhfhxc,桩
󲰠,99,󳜵,6,fjgjxn,（事）因
󲰡,199,󳜵,6,fhgghyxb,（依靠（瞧得起））
󲰢,266,󳜵,6,fhjjxc,1、施（底肥）；2、（名词用字）；
󲰣,340,󳜵,6,htfhthxc,连累、牵连
󲰤,270,󳜵,7,ftjkxn,（烟）熏
󲰥,2,󳜶,2,ggxz,可以
󲰦,66,󳜶,2,gixz,1、（兄弟、姐妹、亲友）个、位（量词）；2、（这）种（人）；
󲰧,89,󳜶,2,ghxm,代
󲰨,136,󳜶,2,ggxm,奇数、单数
󲰩,142,󳜶,2,ggxm,钉（动词）
󲰪,193,󳜶,2,gsxm,挺（胸、腰、肚）；
󲰫,196,󳜶,2,gpxb,（骄傲）
󲰬,206,󳜶,2,ghxn,来
󲰭,205,󳜶,2,ggxb,1、庹（tuo，动词）；2、庹（量词）；
󲰮,211,󳜶,2,gqxm,过
󲰯,256,󳜶,2,ggxm,（爽快）
󲰰,264,󳜶,2,gdxz,夏
󲰱,263,󳜶,2,gyxb,图案
󲰲,271,󳜶,2,gfxz,九（数词）；
󲰳,271,󳜶,2,glxz,1、（对上级）请求；2、（对神灵）祈求；
󲰴,285,󳜶,2,gdxb,（毛发（蓬松））
󲰵,343,󳜶,2,ggxz,（火镰）
󲰶,7,󳜶,3,gdgxz,1、（刀子的）前缀词素；2、巴（豆）；
󲰷,17,󳜶,3,gggxb,（平安、顺利）
󲰸,20,󳜶,3,pggxz,1、（钹）；2、（瓢）；
󲰹,29,󳜶,3,gjxb,（公马）
󲰺,32,󳜶,3,gegxm,（蜥蜴）
󲰻,46,󳜶,3,gghxz,（经络病）
󲰼,48,󳜶,3,gpgxv,哄闹、喧哗
󲰽,50,󳜶,3,gggxn,菌（类、子）
󲰾,51,󳜶,3,gghxz,潜（水）
󲰿,57,󳜶,3,gghxn,反扣（把有口的器物反扣着）；
󲱀,73,󳜶,3,gthxn,野山药（野苕（tiao））
󲱁,73,󳜶,3,gtgxc,扒（攀援）
󲱂,85,󳜶,3,gghxm,暴（露）
󲱃,85,󳜶,3,ggpxn,（准备、预备）
󲱄,86,󳜶,3,gggxn,办（事）
󲱅,93,󳜶,3,gphxv,整（齐）
󲱆,100,󳜶,3,ggpxb,（物品、东西）
󲱇,101,󳜶,3,ggjxz,建造、建盖
󲱈,126,󳜶,3,gfpxm,（旅馆、客店）
󲱉,131,󳜶,3,gguxz,（经常（天天））
󲱊,131,󳜶,3,ggmxn,（巴豆（药物））
󲱋,132,󳜶,3,gyvxn,1、火（名词）；2、点（火）；3、火（五行数）；4、（火枪、火炮）；5、（火药）；
󲱌,142,󳜶,3,ggdxm,里（面）
󲱍,142,󳜶,3,ghjxm,锋利
󲱎,144,󳜶,3,ghgxz,砍、伐（树木）
󲱏,150,󳜶,3,ghgxz,清楚、透明、明白
󲱐,151,󳜶,3,gghxv,在（时态词）
󲱑,151,󳜶,3,ggfxb,（聪明、伶俐）
󲱒,154,󳜶,3,gfxb,1、边、界；2、方（矩形）；
󲱓,158,󳜶,3,gfxz,1、边、面、后；2、（跟随、继续）；3、（顶替）；
󲱔,164,󳜶,3,gghxm,有（古语）
󲱕,168,󳜶,3,gupxc,（嘴）巴
󲱖,174,󳜶,3,gfgxv,（猫的词尾）
󲱗,188,󳜶,3,gfxz,更替
󲱘,194,󳜶,3,gddxb,揭（开）
󲱙,195,󳜶,3,gjxz,1、容易；2、（很，（不得了（补语））；3、慢；
󲱚,207,󳜶,3,gffxb,干瘪、秕（bi）
󲱛,208,󳜶,3,ghgxb,棕（皮、树）
󲱜,210,󳜶,3,ggpxn,（连续不断地来）
󲱝,212,󳜶,3,gfgxb,（婚配）
󲱞,215,󳜶,3,ghhxb,1、解（开）；2、放（出去）；3、（睁眼）；
󲱟,220,󳜶,3,ghgxn,熟（过头）
󲱠,226,󳜶,3,ggdxn,（伤口）发炎
󲱡,231,󳜶,3,gggxz,别（动词）
󲱢,234,󳜶,3,gyhxc,（应该）
󲱣,246,󳜶,3,gggxz,钱财
󲱤,247,󳜶,3,ggfxn,道（量词）
󲱥,259,󳜶,3,jgyxn,筑（巢）、做（窝）
󲱦,260,󳜶,3,gggxm,驾（车）
󲱧,263,󳜶,3,ggkxv,签
󲱨,266,󳜶,3,ghyxn,（包茅）
󲱩,268,󳜶,3,gghxm,（家谱）
󲱪,269,󳜶,3,gfpxv,（法术）
󲱫,293,󳜶,3,gyfxz,愿意
󲱬,294,󳜶,3,ghhxm,（果吉，彝族家支）
󲱭,295,󳜶,3,gdhxc,起泡
󲱮,298,󳜶,3,gqhxn,导（导线（导纱子））
󲱯,301,󳜶,3,gghxz,您（敬称）
󲱰,308,󳜶,3,gfjxc,孝帕
󲱱,323,󳜶,3,gggxb,1、（芝麻）；2、（亲戚）；
󲱲,324,󳜶,3,gghxm,轴（车轴、轴承）
󲱳,326,󳜶,3,ggjxm,（梧桐树）
󲱴,330,󳜶,3,gpyxb,（角落）
󲱵,331,󳜶,3,gfgxz,隔断（奶）
󲱶,331,󳜶,3,gghxb,1、（行令、司令）；2、（布置、指挥）；
󲱷,338,󳜶,3,gjhxb,（城市）
󲱸,342,󳜶,3,ggoxm,垭（山垭）
󲱹,348,󳜶,3,ghyxn,1、尽；2、完了；
󲱺,351,󳜶,3,ghgxn,1、（利益）；2、（营养）；
󲱻,352,󳜶,3,gghxm,退
󲱼,358,󳜶,3,gggxn,五（数词）
󲱽,364,󳜶,3,gfpxn,掉、开（虚词）
󲱾,370,󳜶,3,gfpxc,越、愈
󲱿,382,󳜶,3,gthxn,1、善、贤、吉、良；2、（恩情）；
󲲀,2,󳜶,4,gghgxn,来由
󲲁,7,󳜶,4,gggfxn,摆设、陈列
󲲂,9,󳜶,4,ggggxn,1、交易；2、贩卖；
󲲃,11,󳜶,4,ghjxb,滚（使动）
󲲄,19,󳜶,4,jggpxn,剥（剥板栗）
󲲅,20,󳜶,4,ggfhxn,旗
󲲆,24,󳜶,4,gyghxb,轻率、马虎
󲲇,29,󳜶,4,gqqgxn,1、（屋）脊；2、（牛背）峰；
󲲈,38,󳜶,4,gfjxb,（显然）
󲲉,44,󳜶,4,gpgvxn,（大腿）
󲲊,52,󳜶,4,gkxb,妇（女）
󲲋,53,󳜶,4,gghhxz,名
󲲌,59,󳜶,4,gghgxz,地（副词）
󲲍,60,󳜶,4,ggghxb,（祭牲）
󲲎,62,󳜶,4,gigdxm,（布）缝接处
󲲏,65,󳜶,4,ghphxm,（开辟）
󲲐,65,󳜶,4,gfmxn,本事
󲲑,69,󳜶,4,gfhxm,1、刀刃；2、（锋）芒
󲲒,69,󳜶,4,gfhgxz,1、背子（名词）；2、背（量词）
󲲓,70,󳜶,4,ggjxz,干（活）
󲲔,81,󳜶,4,gggpxn,（轻轻地走动）
󲲕,83,󳜶,4,ggghxn,1、（果）蒂；2、事因；3、（人名用词）；
󲲖,87,󳜶,4,ggghxn,（泥鳅）
󲲗,89,󳜶,4,ghghxm,采（摘）
󲲘,91,󳜶,4,ghggxc,完（吃完了）；
󲲙,96,󳜶,4,gghhxm,抽、吸
󲲚,113,󳜶,4,gthgxz,穿（针线）
󲲛,119,󳜶,4,gfgxm,（幻术）；（魔术）
󲲜,121,󳜶,4,gghgxc,押（送）
󲲝,126,󳜶,4,glfxz,摔倒
󲲞,128,󳜶,4,hghgxn,搭（亲家）
󲲟,129,󳜶,4,ggguxb,（项）圈
󲲠,131,󳜶,4,gfgfxm,棵（量词）
󲲡,134,󳜶,4,ghghxn,1、邀约；2、邀请；
󲲢,135,󳜶,4,gpghxm,蹲
󲲣,138,󳜶,4,gjgxn,（但是）
󲲤,148,󳜶,4,ggdgxb,1、结（子）；2、（线团）；3、打结；
󲲥,152,󳜶,4,gdxn,1、（削）砍；2、刨（木板）；
󲲦,156,󳜶,4,gghgxm,1、（垂落）；2、（和尚）；
󲲧,159,󳜶,4,gghgxz,件（量词）
󲲨,159,󳜶,4,gghtxv,了（助词）；
󲲩,160,󳜶,4,gpghxm,（（祖宗的）的祠堂、神坛）
󲲪,181,󳜶,4,ghggxn,回忆
󲲫,196,󳜶,4,ggfxb,（上、坎上、岩石上）
󲲬,204,󳜶,4,gthhxb,去
󲲭,208,󳜶,4,ghggxm,（用手掌）打
󲲮,210,󳜶,4,gghhxm,弱
󲲯,212,󳜶,4,gthhxv,残废、瘫痪
󲲰,213,󳜶,4,gggyxb,毁，坏（动词）
󲲱,216,󳜶,4,gghqxm,（舒畅）
󲲲,226,󳜶,4,gfgxn,1、仓；2、库；
󲲳,226,󳜶,4,ggdgxb,（伤口）发炎
󲲴,228,󳜶,4,gghgxn,灵敏
󲲵,230,󳜶,4,ggghxn,惩治
󲲶,232,󳜶,4,gjqxv,尖
󲲷,232,󳜶,4,gfyhxc,搭（话）（回答）
󲲸,243,󳜶,4,ggggxm,掼（稻子）
󲲹,245,󳜶,4,ggjtxv,1、输；2、败；
󲲺,245,󳜶,4,ggfgxv,1、诅咒；2、（赌咒）；
󲲻,250,󳜶,4,ghggxc,巡回转
󲲼,253,󳜶,4,ghgdxm,1、茂盛；2（（树木）枝叶茂盛）；
󲲽,260,󳜶,4,gfhxb,贫穷、贫困
󲲾,270,󳜶,4,gffxn,底下
󲲿,284,󳜶,4,gyjxc,（曲涅、彝族家支名）
󲳀,291,󳜶,4,ggggxc,吃亏
󲳁,298,󳜶,4,gghgxn,（磨刀霍霍）
󲳂,309,󳜶,4,gghgxn,（荣华）
󲳃,311,󳜶,4,gjjxn,巧、灵活
󲳄,313,󳜶,4,gyjxz,舅舅
󲳅,323,󳜶,4,gfgxm,中（（两者之间））
󲳆,328,󳜶,4,giiixb,1、缺乏；2、（也许、可能）
󲳇,330,󳜶,4,gfhxm,1、（夜）晚；2、（天）黑；3、暗、晚；
󲳈,332,󳜶,4,gghgxn,栓、捆
󲳉,333,󳜶,4,ggggxv,（土坎）
󲳊,337,󳜶,4,gjhxm,1、苦（味道）；2、（盐巴）咸；
󲳋,338,󳜶,4,ggfxz,技术、技艺
󲳌,340,󳜶,4,gkxm,1、何（什么）；2、如何、怎样、怎么；
󲳍,341,󳜶,4,ggghxm,（酒）醒
󲳎,347,󳜶,4,gghhxv,（果子、粮食）成熟
󲳏,354,󳜶,4,gjgxn,撂
󲳐,360,󳜶,4,gghhxz,喷（水）
󲳑,361,󳜶,4,gfppxb,铠甲
󲳒,362,󳜶,4,gdgoxm,放出（池塘水、田水）、排水
󲳓,365,󳜶,4,ggppxv,姓
󲳔,6,󳜶,5,ggggdxn,（嘴）唇
󲳕,9,󳜶,5,gggggxnb,（强行）使牲畜往一定方向走
󲳖,10,󳜶,5,ggythxc,馒（头）、包（子）
󲳗,11,󳜶,5,ggkxb,（震动）感
󲳘,15,󳜶,5,gggghxz,浓、稠
󲳙,28,󳜶,5,ggpghxm,（膀胱）
󲳚,40,󳜶,5,ghgghxn,跟（同）
󲳛,43,󳜶,5,gghhhxn,静
󲳜,60,󳜶,5,gffxb,（清楚、明白）
󲳝,116,󳜶,5,gjgxn,1、甥；2、（姐夫、丈夫）；3、（赘婿）；
󲳞,82,󳜶,5,gokxb,1、移动、挪动；2、让开、走开；
󲳟,120,󳜶,5,ghghhxc,1、仙；2、（细努罗，南诏开国国君）；
󲳠,125,󳜶,5,gjfxm,（压）瘪
󲳡,137,󳜶,5,gjthxn,1、趁；2、依靠；
󲳢,140,󳜶,5,gjggxv,陪伴
󲳣,143,󳜶,5,ggiiixb,（平均）分摊
󲳤,146,󳜶,5,gthghxb,黄松
󲳥,147,󳜶,5,ggfhgxn,张（弓）
󲳦,151,󳜶,5,ggdxm,（自己）
󲳧,160,󳜶,5,ghjthxb,（筲箕（shaoji））
󲳨,191,󳜶,5,ggjhxv,（火）焰
󲳩,198,󳜶,5,gpghqxn,轮
󲳪,207,󳜶,5,ghghhxn,板（木板、石板）；
󲳫,208,󳜶,5,ghghgxn,（小）块
󲳬,211,󳜶,5,gqqqdxm,救
󲳭,213,󳜶,5,ggigqxn,（很累）
󲳮,213,󳜶,5,ggffxb,抢劫
󲳯,222,󳜶,5,gfjgxz,复活
󲳰,223,󳜶,5,gbjhxn,抽空
󲳱,224,󳜶,5,ggghmxn,潜（水）
󲳲,233,󳜶,5,gghggxm,跨
󲳳,239,󳜶,5,gfhgxn,誊（teng）抄
󲳴,246,󳜶,5,gghghxz,吵闹、叫嚷、喧哗
󲳵,267,󳜶,5,gfdtxb,禁忌
󲳶,271,󳜶,5,gfkxn,（火）烟
󲳷,272,󳜶,5,ghgghxb,睫毛
󲳸,284,󳜶,5,gggggxn,封
󲳹,285,󳜶,5,gfkxb,烦躁
󲳺,287,󳜶,5,gfhgxm,1、耍赖；2、（无中生有）；
󲳻,299,󳜶,5,gyfgxn,软（绵绵）
󲳼,302,󳜶,5,gghjxc,椽（chuan）（子）
󲳽,312,󳜶,5,gyfhxb,骨（头）
󲳾,324,󳜶,5,gghthxn,（锅庄石）
󲳿,359,󳜶,5,ghgggxv,（心）欠
󲴀,363,󳜶,5,gghfpxb,（顺心、合心）
󲴁,365,󳜶,5,gghghxn,引（水）
󲴂,366,󳜶,5,ggppgxn,（舒服、爽快）
󲴃,366,󳜶,5,ggjgxn,早（晨）
󲴄,372,󳜶,5,ggthhxn,前（面）
󲴅,373,󳜶,5,gghgyxn,片（量词）
󲴆,383,󳜶,5,gghmgxn,（斑鸠）
󲴇,385,󳜶,5,ghgghxm,护
󲴈,11,󳜶,6,gfdxb,1、（毛毛雨）；2、（沄（yun）雨）；
󲴉,11,󳜶,6,ghffxb,1、臀；2、（腰杆）；
󲴊,37,󳜶,6,gghugyxn,疮
󲴋,60,󳜶,6,gffgxn,（鹌鹑）
󲴌,63,󳜶,6,ggjjxz,（叶子）烟
󲴍,86,󳜶,6,,重字
󲴎,115,󳜶,6,gjqjxv,（远古）
󲴏,220,󳜶,6,gggkxn,端（正）
󲴐,239,󳜶,6,gghpghxn,骗
󲴑,260,󳜶,6,ggdhxm,（施人，古彝人的一支）
󲴒,273,󳜶,6,gjjjxb,1、抓、拿；2、（螃蟹）；
󲴓,300,󳜶,6,gfjgxn,也
󲴔,306,󳜶,6,gthgjxz,野生（作物）
󲴕,323,󳜶,6,ghghghxn,（细）敲
󲴖,349,󳜶,6,ghchogxm,嫩芽
󲴗,363,󳜶,6,ghgghgxv,全、彻底
󲴘,364,󳜶,6,gggvfxn,必要
󲴙,18,󳜶,7,gghgthhxn,（任意、随便）
󲴚,24,󳜶,7,gfgfgxn,（包谷）米
󲴛,48,󳜶,7,gddpxn,眯（眼）
󲴜,,,,gkjjxb,锯（子）
󲴝,100,󳜶,7,fkgkxv,常常（地）
󲴞,151,󳜶,7,gghgdxv,（祷告）
󲴟,236,󳜶,7,ghtghthxb,腐、烂
󲴠,240,󳜶,7,gfgfgxn,庇护
󲴡,254,󳜶,7,gddghxm,贿赂
󲴢,284,󳜶,7,gggggfxb,片、丘
󲴣,213,󳜶,8,gkdkxb,拆
󲴤,375,󳜶,9,gfffghxn,（猪）叫
󲴥,379,󳜶,9,gghhhgghxn,哎！（应声）
󲴦,38,󳜷,2,jfxv,（陀螺，一种儿童玩具）
󲴧,90,󳜷,2,jpxn,齐，足够
󲴨,123,󳜷,2,jhxv,1、儿子；2、小，少；3、者、人；
󲴩,129,󳜷,2,jhxn,积水
󲴪,150,󳜷,2,jjxm,点（名）、题（名）
󲴫,210,󳜷,2,jgxz,鸣叫
󲴬,218,󳜷,2,jvxz,跨（门槛）
󲴭,249,󳜷,2,jpxb,（一种土染料，用水塘里的黑泥浆、加马桑煮水，用于染衣物等）
󲴮,271,󳜷,2,jfxz,跪
󲴯,303,󳜷,2,jjxn,（两）端
󲴰,305,󳜷,2,jyxv,吝啬
󲴱,308,󳜷,2,jhxv,香（祭祀用品）
󲴲,317,󳜷,2,jdxz,麻味道
󲴳,325,󳜷,2,jgxn,1、（颈项）；2、（头子、头目）；
󲴴,349,󳜷,2,jhxm,（中）雨
󲴵,381,󳜷,2,jhxn,天
󲴶,390,󳜷,2,jdxn,空旷
󲴷,5,󳜷,3,jvvxv,认（认错、认输）
󲴸,6,󳜷,3,gjixm,挂（起）
󲴹,16,󳜷,3,jvvxv,烧（炒）肉的气味
󲴺,,,,kghxm,（臭味、怪味）
󲴻,28,󳜷,3,jttxz,给
󲴼,36,󳜷,3,zugxm,（傣族（摆艺））
󲴽,45,󳜷,3,jthxz,拥挤
󲴾,64,󳜷,3,jthxn,宽阔
󲴿,71,󳜷,3,ejjxn,伯父
󲵀,74,󳜷,3,jghxb,（黏糊糊（食物腐烂后的状况））
󲵁,91,󳜷,3,jpgxc,遍（走遍）
󲵂,102,󳜷,3,gjhxm,（线头、火柴头）
󲵃,114,󳜷,3,jghxz,（果子名称的前缀词）
󲵄,139,󳜷,3,jhgxb,（计划）
󲵅,142,󳜷,3,jghxn,（轻）快
󲵆,142,󳜷,3,jjxv,（前方、远方）
󲵇,144,󳜷,3,jggxz,（全猪全羊（杀死退毛而未剖肚的猪羊））
󲵈,154,󳜷,3,jyyxn,瘦
󲵉,164,󳜷,3,jggxn,咽喉
󲵊,180,󳜷,3,jjxb,1、休息；2、（勒俄，彝族诗歌的一种）；
󲵋,192,󳜷,3,jhyxz,（拘禁、禁闭）
󲵌,198,󳜷,3,jhyxn,（棉花）
󲵍,205,󳜷,3,jgjxn,（祈求解脱）
󲵎,205,󳜷,3,hgjxz,1、圆；2、（球）体
󲵏,221,󳜷,3,jhgxv,1、飞；2、飘扬；
󲵐,228,󳜷,3,jghxn,1、疾（驰）；2、越（过）
󲵑,229,󳜷,3,jghxz,越（过）
󲵒,230,󳜷,3,jhhxz,（什么）
󲵓,235,󳜷,3,jhjxn,沿（着）
󲵔,239,󳜷,3,jfxz,1、亲戚；2、（人名）；3、（彝文古书里的世上凡间）
󲵕,265,󳜷,3,jygxb,（消）瘦
󲵖,309,󳜷,3,jthxb,（玉米）
󲵗,316,󳜷,3,joixb,（芋头）
󲵘,318,󳜷,3,jhgxz,1、亲（爱）；2、（敬仰）；
󲵙,321,󳜷,3,jhhxm,1、辨认、辨别；2、判、断；2、管、顾；
󲵚,335,󳜷,3,jthxn,帽
󲵛,335,󳜷,3,jghxn,粮（食）
󲵜,361,󳜷,3,jhhxn,（布）缝接
󲵝,361,󳜷,3,jfgxb,饱满、壮实
󲵞,363,󳜷,3,jghxv,（螳螂）
󲵟,365,󳜷,3,jgjxn,的（虚词）
󲵠,369,󳜷,3,jjxz,（敬仰）
󲵡,384,󳜷,3,jppxb,1、哈（欠）；2、张（口）；
󲵢,386,󳜷,3,jygxc,泡（汤）
󲵣,386,󳜷,3,jphxn,（架子猪）
󲵤,389,󳜷,3,jhuxn,百（数词）
󲵥,390,󳜷,3,jjjxn,陷落
󲵦,11,󳜷,4,jpghxvc,（（松、杉树的）嫩尖）
󲵧,12,󳜷,4,jpghxv,（“摇钱树”（丧场上设的一种孝帕）
󲵨,18,󳜷,4,jfgxb,（旁边）
󲵩,19,󳜷,4,jhhgxn,（饮食过量）呕吐
󲵪,19,󳜷,4,jjgxn,卷、本（量词）
󲵫,22,󳜷,4,jpjxn,侧
󲵬,33,󳜷,4,jgjxv,块
󲵭,34,󳜷,4,khjdxm,（经常）
󲵮,44,󳜷,4,jjgxz,1、（脚）步；2、步（量词）；
󲵯,49,󳜷,4,jhthxz,沾（着）
󲵰,49,󳜷,4,jgghxn,棉（布、花）
󲵱,50,󳜷,4,jhphxc,抹、擦
󲵲,52,󳜷,4,jpghxz,（嫩）薹
󲵳,54,󳜷,4,jghhxn,（（怜）悯、可怜）
󲵴,63,󳜷,4,jgjxb,（玉米）
󲵵,67,󳜷,4,jjjxn,做（梦）
󲵶,80,󳜷,4,jhthxn,赔偿
󲵷,84,󳜷,4,jghtxb,1、好；2、康复；
󲵸,96,󳜷,4,jthhxn,（重叠词缀）
󲵹,98,󳜷,4,jgfxv,切（菜、肉等）
󲵺,102,󳜷,4,gjgjxm,（头绪）
󲵻,106,󳜷,4,jkxv,1、桥；2、（亲家）；
󲵼,123,󳜷,4,jhtfxn,（形容词缀）（静悄悄）
󲵽,126,󳜷,4,hgjfxn,定
󲵾,139,󳜷,4,jhthgxn,（喷水枪）
󲵿,139,󳜷,4,hgjhxz,发抖（使动）
󲶀,144,󳜷,4,jkxb,时
󲶁,148,󳜷,4,jjgxz,铺设
󲶂,149,󳜷,4,jjyxn,桌（子）
󲶃,171,󳜷,4,jthgxb,（舌头）
󲶄,176,󳜷,4,jhjxn,1、稀（烂）；2、炷（量词）；
󲶅,179,󳜷,4,jhhgxv,（窃衣草）
󲶆,180,󳜷,4,jjjxz,问
󲶇,182,󳜷,4,jfhxv,1、顽强；2、凶猛；
󲶈,183,󳜷,4,jjmxn,（身体）缺陷
󲶉,190,󳜷,4,jfhxm,神
󲶊,197,󳜷,4,jthpxb,（马虎、草率）
󲶋,200,󳜷,4,jjvxn,（被盖、铺盖）
󲶌,201,󳜷,4,jgghxn,（唠唠叨叨）
󲶍,221,󳜷,4,jhfxn,（泄气）
󲶎,228,󳜷,4,jhgqxn,（染）料
󲶏,231,󳜷,4,jhhhxn,两者之间
󲶐,240,󳜷,4,jyjxn,（宫殿（古语））
󲶑,249,󳜷,4,jhjhxn,1、丈量（动词；2、（博乍戈（彝语指贵州大方城）；
󲶒,262,󳜷,4,jgghxz,（哈）欠
󲶓,282,󳜷,4,jthhxz,1、中（暑）；2、（说话）讽刺；
󲶔,298,󳜷,4,jvvvxb,分离
󲶕,303,󳜷,4,kthhxn,（撒娇、娇气）
󲶖,309,󳜷,4,jjjxn,（德行）
󲶗,310,󳜷,4,jihhxn,我（引述）
󲶘,311,󳜷,4,jhphxb,熟练
󲶙,316,󳜷,4,jhujxn,（香油）
󲶚,342,󳜷,4,jghhxb,叫（使、令）
󲶛,324,󳜷,4,hggjxz,（包谷）
󲶜,336,󳜷,4,jjtxb,1、所（有）；2、（都）是；3、多少；4、（重叠词缀）；
󲶝,339,󳜷,4,jjgxn,（马）蹄
󲶞,346,󳜷,4,jjgxb,部位
󲶟,354,󳜷,4,jghhxn,（可惜）
󲶠,355,󳜷,4,jghgxz,摇晃
󲶡,370,󳜷,4,jfyxn,碧、蓝
󲶢,375,󳜷,4,jfhxz,莓
󲶣,11,󳜷,5,jgjhxn,刺（耳）、吵（耳朵）
󲶤,11,󳜷,5,jhgghxc,（斑茅草）
󲶥,14,󳜷,5,jkuxn,码、叠（动词）
󲶦,56,󳜷,5,juhjxc,（紫黑色）
󲶧,58,󳜷,5,jjpgxc,（板栗）
󲶨,68,󳜷,5,jhjhxn,富
󲶩,116,󳜷,5,jgghgxn,塑（像）
󲶪,144,󳜷,5,jfhjxn,1、啄；2、（蛇）咬；
󲶫,168,󳜷,5,jjfxn,咚咚（象声词）
󲶬,179,󳜷,5,jyhggxn,1、（孩子间互相）逗玩；2、（诱惑）；
󲶭,182,󳜷,5,jjggxn,（（未曾生过崽的）小母山羊）
󲶮,183,󳜷,5,jrfxm,孩、童
󲶯,184,󳜷,5,jjjxb,（膝关节）
󲶰,221,󳜷,5,jhjjxn,（猛）喝
󲶱,234,󳜷,5,jjjhxn,（朋友、伙伴、同志）
󲶲,252,󳜷,5,jfhyxb,（冰）柱
󲶳,259,󳜷,5,jhkxn,种（子）
󲶴,273,󳜷,5,jhhjxv,（一筹莫展）
󲶵,288,󳜷,5,jpghjxb,鳝（鱼）
󲶶,298,󳜷,5,jhjgxb,1、玩；2、（玩耍）；
󲶷,312,󳜷,5,jgkxb,呲牙
󲶸,317,󳜷,5,jjioxb,1、个（人）；2、（兵员、战士）；
󲶹,320,󳜷,5,jgjhxn,（续断（中药名））
󲶺,327,󳜷,5,jkjxb,（（汆cuān）烫）
󲶻,338,󳜷,5,jpjhxn,计谋
󲶼,352,󳜷,5,jfhgxn,散
󲶽,353,󳜷,5,jfjxn,（虎杖（俗称酸汤杆，一种野生植物）
󲶾,357,󳜷,5,jghghxn,点（头）
󲶿,368,󳜷,5,jggjxc,（胡琴）
󲷀,376,󳜷,5,jfhgxb,唾（液）
󲷁,21,󳜷,6,jjghhxn,1、剥；2、挑（刺）
󲷂,34,󳜷,6,jjyfxc,（别作声）
󲷃,40,󳜷,6,jjthgxn,雄性（专指山羊）
󲷄,41,󳜷,6,jkpgxc,塑（像）
󲷅,47,󳜷,6,jhtffxc,通知
󲷆,60,󳜷,6,jfffxn,（芒果）
󲷇,110,󳜷,6,jhgdxv,提、簇、串（量词）
󲷈,125,󳜷,6,jhukxn,（香油、菜油）
󲷉,133,󳜷,6,jgjghxb,（1、脊背；2、保佑）
󲷊,133,󳜷,6,jfjhxb,（节约）
󲷋,153,󳜷,6,jhgghhxn,脱（粒）
󲷌,189,󳜷,6,jjjjxn,陈（酒）
󲷍,230,󳜷,6,jphgfxb,吵、闹
󲷎,275,󳜷,6,jjthgxn,1、中间、当中；2、（媒人）；
󲷏,299,󳜷,6,jhfhhxb,（礼仪）
󲷐,327,󳜷,6,jhgkxb,（衣）领
󲷑,343,󳜷,6,jfffxc,1、（山、水等）阻隔；2、（关节、肚子等）绞痛；
󲷒,91,󳜷,7,jjjkxb,（草鞋）
󲷓,107,󳜷,7,jkkxb,（植物的）浆、汁
󲷔,333,󳜷,7,jkqfxn,村寨
󲷕,345,󳜷,7,jhdhjxm,服（气）
󲷖,163,󳜷,8,jhggjhggxn,（树）稍
󲷗,170,󳜷,8,jkhqjxn,装（动词）
󲷘,222,󳜷,8,jhffygxn,捆（量词）
󲷙,82,󳜸,2,kgixm,继续
󲷚,114,󳜸,2,kvxm,牵
󲷛,117,󳜸,2,klxv,（五味子果（俗名丈子莓））
󲷜,132,󳜸,2,khxz,吹（号角）
󲷝,133,󳜸,2,kgxz,1、比；2、丈量（土地）；
󲷞,151,󳜸,2,kmxb,（人奔跑或者鸟在地上跑）
󲷟,181,󳜸,2,khxv,1、嗅；2、（臭味）；
󲷠,192,󳜸,2,kpxz,1、慢；2、轻（指动作）；
󲷡,256,󳜸,2,kvxn,耐（心）
󲷢,269,󳜸,2,khxb,汗
󲷣,390,󳜸,2,kdxm,辨别
󲷤,16,󳜸,3,kwuxb,耍赖
󲷥,26,󳜸,3,kjxz,劈（路）
󲷦,43,󳜸,3,kghxb,（（鱼）鳞）
󲷧,61,󳜸,3,kiixb,昏
󲷨,95,󳜸,3,kghxm,锡（矿）
󲷩,109,󳜸,3,kghxn,……来……去
󲷪,117,󳜸,3,kfgxm,偿还
󲷫,117,󳜸,3,khjxm,1、别人，他人；2、彝族家支名；
󲷬,117,󳜸,3,khhxm,草席，篾席
󲷭,122,󳜸,3,kyhxc,1、寿；2、世；
󲷮,132,󳜸,3,khpxb,（吃油、肉）腻
󲷯,138,󳜸,3,kuhxb,舂（chong）
󲷰,149,󳜸,3,kpdxm,塘
󲷱,166,󳜸,3,khkxm,飞逝
󲷲,167,󳜸,3,kphxb,蕨（菜）
󲷳,195,󳜸,3,kfgxc,港湾
󲷴,224,󳜸,3,khhxc,（不耐烦）
󲷵,235,󳜸,3,kpjxb,铲
󲷶,256,󳜸,3,kthxb,花费、费用
󲷷,321,󳜸,3,khhxv,在（心里）
󲷸,328,󳜸,3,kghxm,克、伤
󲷹,328,󳜸,3,khgxn,（灾星）
󲷺,328,󳜸,3,kjxm,（大蒜）
󲷻,380,󳜸,3,khdxm,胃
󲷼,385,󳜸,3,khyxb,锦鸡
󲷽,38,󳜸,4,kffxb,（魂）魄
󲷾,40,󳜸,4,kkxm,（词缀）
󲷿,41,󳜸,4,khggxc,夭折
󲸀,89,󳜸,4,kghhxb,签
󲸁,103,󳜸,4,kfhxv,牵挂、惦念
󲸂,123,󳜸,4,kghhxc,（毛发）竖起
󲸃,126,󳜸,4,ktthxm,（摇摇摆摆）
󲸄,146,󳜸,4,kftxb,（果断）
󲸅,176,󳜸,4,kjgxz,（心）狠
󲸆,176,󳜸,4,kdxb,豆类
󲸇,211,󳜸,4,khggxn,（手）散
󲸈,223,󳜸,4,kghkxz,耽搁、耽误
󲸉,268,󳜸,4,khghxm,（鸽子）
󲸊,287,󳜸,4,khqqxm,烙
󲸋,306,󳜸,4,kffxm,渐渐
󲸌,316,󳜸,4,kohixm,1、生（孩子）；成长；3（美丽、漂亮）；
󲸍,323,󳜸,4,khiixb,1、他（受格）；2、（尽管）；3、（乱说、胡说）；
󲸎,337,󳜸,4,kjdxm,（刺竹）
󲸏,342,󳜸,4,khtjxz,之上
󲸐,368,󳜸,4,kdxv,（手）提
󲸑,150,󳜸,5,kjjxv,混（日子）
󲸒,161,󳜸,5,kjggxn,墙
󲸓,162,󳜸,5,kkkxn,（议论）
󲸔,176,󳜸,5,koghixb,等量
󲸕,197,󳜸,5,kjfxb,（前缀词）
󲸖,263,󳜸,5,kkvxb,1、（尽管）；2、（乱说、胡扯）
󲸗,274,󳜸,5,kthhhxc,枷锁
󲸘,292,󳜸,5,kjqfxv,斟酌
󲸙,347,󳜸,5,kpfdxm,（抢救）
󲸚,199,󳜸,6,khgghfxv,（变）成
󲸛,208,󳜸,6,kthggyxb,块、砣（量词）
󲸜,222,󳜸,8,kkhjgxn,软弱
󲸝,42,󳜹,2,dhxz,（故事）
󲸞,43,󳜹,2,dexv,（蝼蚁）
󲸟,49,󳜹,2,dvxv,要（语气助词）
󲸠,76,󳜹,2,dpxb,（皇帝）
󲸡,93,󳜹,2,dgxz,凑（钱）、集（资）
󲸢,140,󳜹,2,dtxv,啃
󲸣,184,󳜹,2,ddxz,1、掩、抹；沾；
󲸤,297,󳜹,2,dhxz,荡（刀子）
󲸥,316,󳜹,2,dhxv,积（德）
󲸦,339,󳜹,2,dgxv,（宫殿（古语））
󲸧,344,󳜹,2,dgxz,归、回
󲸨,356,󳜹,2,dfxz,鸟、雀
󲸩,357,󳜹,2,dgxn,1、鹅；2、（鄂莫，（古代彝族的一个部落））3、（地方用词）；
󲸪,358,󳜹,2,dgxz,五（数词）
󲸫,382,󳜹,2,dpxv,1、兑（卦名）；2、（远古部族名）；
󲸬,33,󳜹,3,dthxb,1、（阿别纳，一种原始的彝族舞蹈）；2、（黄鼠狼）；3、（脚后跟）；
󲸭,34,󳜹,3,dphxz,（虾子）
󲸮,41,󳜹,3,dghxv,牺牲
󲸯,69,󳜹,3,dhgxv,1、（家族）；2、（古代人名）；
󲸰,82,󳜹,3,dhhxc,（（歌中的）对歌）
󲸱,88,󳜹,3,digxb,遗留
󲸲,100,󳜹,3,dhgxz,憨（吃）
󲸳,108,󳜹,3,djxb,越、愈
󲸴,127,󳜹,3,degxv,淋
󲸵,135,󳜹,3,deexv,1、匀；2、间（苗）；
󲸶,135,󳜹,3,dghxv,（腰围大，口径小编制精细的篾箩）
󲸷,137,󳜹,3,dthxz,盖（章）
󲸸,141,󳜹,3,dffxb,1、跑；2、母畜发情；
󲸹,143,󳜹,3,dghxb,（山茶）
󲸺,145,󳜹,3,dghxv,（完）成
󲸻,164,󳜹,3,dfxb,（碗）
󲸼,169,󳜹,3,dvvxz,（用手）挡
󲸽,177,󳜹,3,djxv,1、背面；2、后面；3、（斧子）；
󲸾,182,󳜹,3,dggxb,女（儿）
󲸿,197,󳜹,3,dfgxc,拌、和
󲹀,215,󳜹,3,dhhxb,擀
󲹁,236,󳜹,3,dygxc,从
󲹂,252,󳜹,3,dppxb,（亚麻）
󲹃,260,󳜹,3,dfxz,缩
󲹄,266,󳜹,3,dggxb,先
󲹅,267,󳜹,3,dggxm,件（量词）
󲹆,294,󳜹,3,dghxb,1、跨上；2、（过分）；3、（地名用词）；
󲹇,302,󳜹,3,depxb,卡（大拇指和食指张开的长度）；
󲹈,315,󳜹,3,dphxb,美丽、漂亮
󲹉,342,󳜹,3,dghxv,地点、住所
󲹊,376,󳜹,3,dghxn,答应
󲹋,384,󳜹,3,dfxv,（哼哈）
󲹌,2,󳜹,4,dkxb,容易
󲹍,5,󳜹,4,ddddxv,（屎（儿语））
󲹎,7,󳜹,4,djgxn,1、（带柄工具名称的）后缀词素；2、把（量词）；3、（毛）倒、反；
󲹏,13,󳜹,4,dyhgxb,（骨头）
󲹐,18,󳜹,4,dghgxn,1、指责；2、放出（塘水、田水等）；
󲹑,22,󳜹,4,djhxb,（精气灵气）
󲹒,31,󳜹,4,dhgpxb,1、出（血、脓）；2、（地名用词）；
󲹓,40,󳜹,4,djgxb,间（量词）
󲹔,40,󳜹,4,dfhxz,窝（量词--指猪、狗、鸡等）
󲹕,43,󳜹,4,dhfxv,绵羊（古语）
󲹖,52,󳜹,4,dgygxn,（伤口）愈合
󲹗,52,󳜹,4,dfhxn,1、（休克、昏死）；2、（气馁、疲倦）；
󲹘,71,󳜹,4,dghhxz,（1、没兴趣；2、没力气；）
󲹙,87,󳜹,4,dgjjxn,（耳坠、耳环）
󲹚,96,󳜹,4,deghxn,1、完成、成功；2、过（渡）；
󲹛,101,󳜹,4,dguhxn,（草席）
󲹜,102,󳜹,4,dhhhxn,（感谢）
󲹝,125,󳜹,4,djjxn,缩
󲹞,135,󳜹,4,djgxb,（比方）
󲹟,138,󳜹,4,dgjxv,安装、组装
󲹠,142,󳜹,4,dhghxn,（虐待）
󲹡,148,󳜹,4,dthhxn,嗑（瓜子）
󲹢,168,󳜹,4,dtjxn,（梨子）
󲹣,168,󳜹,4,dhthxn,椽（子）
󲹤,174,󳜹,4,dgffxb,（唠唠叨叨）
󲹥,181,󳜹,4,dhghxv,垫（子）
󲹦,210,󳜹,4,dghhxb,（腰围大，口径小编制精细的篾箩）
󲹧,211,󳜹,4,dkxv,（嚎嗷嗷大哭）
󲹨,225,󳜹,4,dughxv,凸
󲹩,225,󳜹,4,dtygxb,（喜鹊）
󲹪,231,󳜹,4,dftxz,1、酸；2、腌；
󲹫,233,󳜹,4,dgghxb,震（动）
󲹬,241,󳜹,4,dhjxz,（下）垂
󲹭,256,󳜹,4,dhjxv,节省
󲹮,295,󳜹,4,dhthxv,浪费
󲹯,314,󳜹,4,dhhhxb,演（戏）
󲹰,321,󳜹,4,dghhxc,放、上
󲹱,324,󳜹,4,dhfxc,（八角）
󲹲,360,󳜹,4,djhxb,带、领
󲹳,383,󳜹,4,dgjxb,（土坎）
󲹴,41,󳜹,5,dgkxb,（庄稼）损失
󲹵,55,󳜹,5,dfjxb,拜寄
󲹶,58,󳜹,5,dkhxb,马
󲹷,87,󳜹,5,dfjxz,（虎杖（俗称酸汤杆，一种野生植物）
󲹸,93,󳜹,5,dekxb,阵（量词）
󲹹,111,󳜹,5,dffxb,（石榴）
󲹺,119,󳜹,5,aghgxn,1、打（土坯）；2、擀（香）；
󲹻,127,󳜹,5,dghfxz,用手肘拐（使人注意）
󲹼,128,󳜹,5,dffxm,约、约定、决定；
󲹽,130,󳜹,5,dkyxn,1、戒（烟酒等）；2、荡（刀子）；
󲹾,197,󳜹,5,dgkxb,几乎、差点儿
󲹿,260,󳜹,5,dgkxv,（蜂）蜡
󲺀,270,󳜹,5,dgkxb,（蜂）房
󲺁,278,󳜹,5,dfthxz,1、（味）鲜美；2、香味、好吃；
󲺂,305,󳜹,5,dgjhxc,拌
󲺃,308,󳜹,5,aekxn,（生血菜（用猪、鸡血等的生血加盐、香料拌合生吃））
󲺄,311,󳜹,5,dthjxb,（遮）荫
󲺅,321,󳜹,5,dhhggxc,花（斑纹）
󲺆,330,󳜹,5,,重字
󲺇,358,󳜹,5,dhgggxb,（也许、可能）
󲺈,359,󳜹,5,dghhgxn,（乌龟）
󲺉,376,󳜹,5,dfhgxb,（稀（烂））
󲺊,379,󳜹,5,dhghgxb,1、（花）蕾；2、骨朵；
󲺋,386,󳜹,5,dgkxb,（杨梅）
󲺌,18,󳜹,6,dfhfxz,（丢脸、丢丑）
󲺍,180,󳜹,6,dfhghxc,（可惜）
󲺎,292,󳜹,6,dgkhxb,怕
󲺏,377,󳜹,6,dhffxb,朵（量词）
󲺐,83,󳜹,7,dgffgxm,渗透
󲺑,125,󳜹,7,dfhfhxb,痰、唾沫
󲺒,314,󳜹,9,dffhfhxb,瘾
󲺓,30,󳜺,2,dfxz,1、（另外）；2、（人名、地名用字）；
󲺔,48,󳜺,2,dixn,（被子）
󲺕,91,󳜺,2,ddxm,枪
󲺖,112,󳜺,2,dvxm,（捣衣棍）
󲺗,114,󳜺,2,dgxn,（呕）心
󲺘,161,󳜺,2,dgxz,说（引述式）
󲺙,166,󳜺,2,dfxm,挣、拼搏
󲺚,179,󳜺,2,dhxz,过（时态助词）
󲺛,202,󳜺,2,ddxm,蒙
󲺜,234,󳜺,2,dpxb,蒂
󲺝,234,󳜺,2,dhxz,替
󲺞,264,󳜺,2,dhxm,椆（diāo）（树）
󲺟,281,󳜺,2,dtxz,1、角；2、边；
󲺠,290,󳜺,2,dtxb,1、林（木）；2、（海拔高的地方）；3、（古代部落首领人名用词）；4、（古代部落名用词）；5、（彝语地名用词）；6（茂盛）；
󲺡,299,󳜺,2,ddxn,喧闹
󲺢,305,󳜺,2,dhxm,（1、先生；2、师傅；）
󲺣,318,󳜺,2,dgxb,1、爬（行）；2、（蠕动）；
󲺤,348,󳜺,2,duxb,关（自动）
󲺥,377,󳜺,2,dgxn,跳纱
󲺦,382,󳜺,2,dhxz,站（使动）
󲺧,389,󳜺,2,dyxn,培育、护育
󲺨,36,󳜺,3,dugxm,锅铲
󲺩,36,󳜺,3,dghxm,家
󲺪,51,󳜺,3,dbxn,1、拈；2、挑；
󲺫,59,󳜺,3,dioxm,赠送、馈赠；
󲺬,79,󳜺,3,dooxm,狠
󲺭,81,󳜺,3,dfgxm,1、（词尾）子；2、（磨担秋）；
󲺮,85,󳜺,3,ljxz,怂恿、唆使
󲺯,98,󳜺,3,dhfxm,超度
󲺰,111,󳜺,3,ddgxm,（臀部）
󲺱,112,󳜺,3,dfxn,（先前）
󲺲,128,󳜺,3,degxm,结拜（弟兄）
󲺳,128,󳜺,3,dtuxn,供奉、祭奠（神灵）
󲺴,134,󳜺,3,dggxm,（马蜂）
󲺵,135,󳜺,3,dhyxn,（雾）笼罩
󲺶,139,󳜺,3,didxm,拍、抖
󲺷,143,󳜺,3,dhjxb,（旁边）
󲺸,171,󳜺,3,dgixz,（规矩、礼节）
󲺹,191,󳜺,3,duhxm,（叽哩（象声词）蟋蟀叫声）
󲺺,198,󳜺,3,dihxm,（泸沽湖）
󲺻,200,󳜺,3,dqfxm,（平安、顺利）
󲺼,201,󳜺,3,dihxc,1、龙；2、辰（地支的第五位）；3、（高兴）；4、（腊鲁（彝族支系））；5、（福禄）；6、（鲁弘（古彝族的一个部族名称）；7、（彝族人名地名用词）；
󲺽,207,󳜺,3,ditxm,拍（手）
󲺾,209,󳜺,3,dhhxc,（云雀）
󲺿,209,󳜺,3,dgdxm,刷（子）
󲻀,219,󳜺,3,dghxm,1、一瞬间；2、（眼睁睁）；
󲻁,219,󳜺,3,dhhxc,燃
󲻂,231,󳜺,3,dftxm,夹
󲻃,234,󳜺,3,dhpxb,（肚）脐
󲻄,240,󳜺,3,dghxz,此、这、今
󲻅,247,󳜺,3,dhgxm,1、相互；2、（合伙）；
󲻆,247,󳜺,3,dghxm,真
󲻇,253,󳜺,3,dvmxv,移动
󲻈,256,󳜺,3,dhdxm,瞅（人）
󲻉,263,󳜺,3,depxm,试（验）、（尝）试
󲻊,263,󳜺,3,dthxm,考试
󲻋,265,󳜺,3,dhgxz,升（名、量词）
󲻌,269,󳜺,3,dhgxm,抠
󲻍,273,󳜺,3,dmmxb,晾、摊
󲻎,274,󳜺,3,dhtxm,沟
󲻏,274,󳜺,3,dgtxv,1、（从上而下）铲；2、刮（东西）；
󲻐,285,󳜺,3,ddhxb,（立即、即刻）
󲻑,285,󳜺,3,djxm,殡
󲻒,285,󳜺,3,dhixm,（白生生）
󲻓,294,󳜺,3,dhgxb,皮
󲻔,295,󳜺,3,dpvxm,疤痕
󲻕,303,󳜺,3,douxn,勾引
󲻖,306,󳜺,3,dioxm,虱子
󲻗,309,󳜺,3,dhhxb,1、（整）齐；2、（满满尖尖）；
󲻘,309,󳜺,3,dghxb,（五行）
󲻙,309,󳜺,3,dyhxb,光（华）
󲻚,314,󳜺,3,ddgxz,（朋友、伙伴）
󲻛,316,󳜺,3,dthxn,恶
󲻜,315,󳜺,3,dhhxm,犯（人）
󲻝,317,󳜺,3,djhxz,夫（妻）
󲻞,317,󳜺,3,dthxb,痒
󲻟,347,󳜺,3,dghxm,盾
󲻠,348,󳜺,3,dhyxb,（壁虎）
󲻡,351,󳜺,3,dthxz,追、赶、撵；
󲻢,362,󳜺,3,dghxz,1、（地椒，一种香料）；2、（明年）；3、（早晨）；
󲻣,369,󳜺,3,djxz,模糊
󲻤,380,󳜺,3,dqqxm,风
󲻥,382,󳜺,3,ddgxn,莓
󲻦,2,󳜺,4,dkxb,（霍麻）
󲻧,8,󳜺,4,dhhgxm,1、绸缎；2、茧；
󲻨,8,󳜺,4,ddhgxz,1、波动、沸腾；2、波（名词）；
󲻩,21,󳜺,4,dpjxn,掌
󲻪,24,󳜺,4,dpppxb,（茯苓）
󲻫,25,󳜺,4,ajgxb,条
󲻬,41,󳜺,4,dqjxm,1、帮、伙、班、队（量词）；2、（附属品）；
󲻭,41,󳜺,4,dghixm,滚
󲻮,66,󳜺,4,dfhxb,藏
󲻯,71,󳜺,4,dddgxn,蚂蝗
󲻰,72,󳜺,4,dghhxz,排、行
󲻱,82,󳜺,4,dgjxz,（1、入赘；2、招赘；）
󲻲,97,󳜺,4,dphhxn,（赤陀（古彝族不知名））
󲻳,110,󳜺,4,dphgxm,能干
󲻴,115,󳜺,4,dgfgxc,嘶哑
󲻵,120,󳜺,4,djixm,嘘（象声词）
󲻶,124,󳜺,4,dgjxz,（公婆）
󲻷,137,󳜺,4,dghgxm,闰（年、月）
󲻸,140,󳜺,4,dghuxm,刻
󲻹,161,󳜺,4,ddgqxm,（风箱）
󲻺,169,󳜺,4,dgghxn,蛰（动词）
󲻻,186,󳜺,4,dhfgxm,漂（洗）
󲻼,188,󳜺,4,dgthxn,祈求
󲻽,194,󳜺,4,dfhxz,要
󲻾,219,󳜺,4,dhgqxm,檩（lin）（屋上托住椽子的横木）
󲻿,226,󳜺,4,dghgxc,1、占（卜）；2、算；
󲼀,233,󳜺,4,dhggxm,（腰身）
󲼁,233,󳜺,4,dyhgxz,差（欠）
󲼂,236,󳜺,4,ddghhxz,打搅
󲼃,238,󳜺,4,dyghxc,交付
󲼄,258,󳜺,4,dddgxz,剔
󲼅,258,󳜺,4,dghtxv,（马爵环）
󲼆,263,󳜺,4,dhjxm,黍、小米
󲼇,276,󳜺,4,dgdgxc,通知、告诉
󲼈,281,󳜺,4,dthhxb,（骄傲）
󲼉,282,󳜺,4,dghoxm,1、弩；2、箭；
󲼊,291,󳜺,4,dhgqxm,（1、空亡（旧时指祀神落空）；2、穷光蛋；）
󲼋,315,󳜺,4,dgthxv,（糊臭）
󲼌,323,󳜺,4,dighxm,元（量词）
󲼍,330,󳜺,4,dghhxm,1、宠、娇惯；2、（撒娇、娇气）；
󲼎,331,󳜺,4,dgthxb,扯
󲼏,339,󳜺,4,ddxm,1、神气；3、（重叠词缀）；
󲼐,361,󳜺,4,dhghxc,好色
󲼑,369,󳜺,4,ddghxb,搅
󲼒,374,󳜺,4,dvghxc,（词头）
󲼓,387,󳜺,4,djyxb,（葡萄）
󲼔,8,󳜺,5,dfjxb,（包谷）
󲼕,10,󳜺,5,dddgpxn,（梭子）
󲼖,91,󳜺,5,dhqhqxm,（蘸（zhan）水）
󲼗,138,󳜺,5,dfjxm,1、命（名）；2、作（记号）；
󲼘,168,󳜺,5,dgjgxz,（厅堂）
󲼙,186,󳜺,5,ddfxm,（舅娘）
󲼚,203,󳜺,5,difjxc,（1、（洛纳阿阔。（人名））；2、（尖刀草）；）
󲼛,203,󳜺,5,ddfhxm,牢（监牢、监狱）
󲼜,206,󳜺,5,dddxm,脾脏
󲼝,209,󳜺,5,dhgfxm,缝补
󲼞,221,󳜺,5,dfdxm,允（许）
󲼟,221,󳜺,5,dddxm,（日）落
󲼠,228,󳜺,5,digjxm,株（量词）
󲼡,232,󳜺,5,dghggxv,迈（步）
󲼢,237,󳜺,5,dghhhxn,（形容词缀）
󲼣,240,󳜺,5,dgjhxz,鹿
󲼤,262,󳜺,5,dghgghxn,（稀泥、泥巴）
󲼥,264,󳜺,5,dhgfxn,灵柩
󲼦,293,󳜺,5,dgjgxm,床
󲼧,301,󳜺,5,dgkxb,1、泥（土）；2、土（五行数）；
󲼨,311,󳜺,5,dffxm,1、影子；2、哎，卦名：指“乾”卦；（哎哺，古代部落名，世代名）
󲼩,312,󳜺,5,dghghxm,隐痛
󲼪,319,󳜺,5,dghghxm,扣
󲼫,325,󳜺,5,dfdgxc,贪（吃）
󲼬,325,󳜺,5,dthfxm,（木姜）
󲼭,329,󳜺,5,dgkxv,敢
󲼮,356,󳜺,5,dgpghxc,（词缀，（很有精神））
󲼯,363,󳜺,5,dhgghxm,（洞房）
󲼰,387,󳜺,5,djhhxc,（苍蝇）
󲼱,12,󳜺,6,dijogxm,蛙类
󲼲,84,󳜺,6,dqhgghxn,管教
󲼳,137,󳜺,6,djgjxm,1、筒、墩；2、把（量词）；
󲼴,153,󳜺,6,dfdxm,（角落）
󲼵,199,󳜺,6,dhgghtxm,1、积（水）（动词）；2、坑、塘（名词）；3、坑、塘（量词）；
󲼶,211,󳜺,6,dhhgggxz,移动
󲼷,279,󳜺,6,dgjgdxm,（老虎）
󲼸,287,󳜺,6,dygfhxc,张着腿用力（蹬地）
󲼹,301,󳜺,6,dhffxc,（（搭在马鞍上的）褥子）
󲼺,305,󳜺,6,dfdxm,短
󲼻,315,󳜺,6,dhghthxv,收、拾
󲼼,4,󳜺,7,dgffgxm,（全部）
󲼽,136,󳜺,7,djgjhxm,踢（足球）（被动）
󲼾,224,󳜺,7,dghgkxm,1、收打（庄稼、果实）；2、钉（动词）；
󲼿,230,󳜺,7,dhgjjxc,治（理）
󲽀,296,󳜺,7,dgjjgxz,折磨
󲽁,304,󳜺,7,dthhhhhxb,（黏胶（捕鸟用的）
󲽂,152,󳜺,9,dghghghghxm,强健
󲽃,348,󳜻,2,ahxz,前（房前、周围）
󲽄,308,󳜻,3,ajxz,（朋友）
󲽅,53,󳜻,5,afjxv,（烧）焦
󲽆,360,󳜻,5,aqkxv,饿
󲽇,120,󳜼,2,yhxn,土壤
󲽈,322,󳜼,2,yuxn,最（好）
󲽉,384,󳜼,2,ydxz,1、鼠；2、子（地支的第一位）；
󲽊,37,󳜼,3,yhyxn,吻
󲽋,64,󳜼,3,yddxn,通知
󲽌,72,󳜼,3,ypuxn,赢
󲽍,77,󳜼,3,yuhxn,（赘婿）
󲽎,103,󳜼,3,yyhxn,（木盔（餐具））
󲽏,118,󳜼,3,yyhxz,1、（手、脚）甲；2、爪子；3、齿；
󲽐,121,󳜼,3,ygjxn,（佩服）
󲽑,127,󳜼,3,ygfxn,（杜鹃鸟（布谷鸟））
󲽒,129,󳜼,3,yjhxn,镶牙
󲽓,162,󳜼,3,yfhxz,褂（子）
󲽔,162,󳜼,3,yvgxc,（故事）
󲽕,182,󳜼,3,yhgxn,（庄稼地里的杂草）
󲽖,195,󳜼,3,yygxn,颈、项（脖子）
󲽗,274,󳜼,3,ypuxn,（睡觉）
󲽘,288,󳜼,3,yhmxn,（无精打采、有气无力）
󲽙,303,󳜼,3,ydtxb,（纪念、留念）
󲽚,368,󳜼,3,dpfxn,类、伙等人
󲽛,1,󳜼,4,yuthxn,茧
󲽜,4,󳜼,4,yjyxn,可能
󲽝,10,󳜼,4,yyygxn,绵（食物韧绵、嚼不烂）
󲽞,11,󳜼,4,ythuxn,肚子（腹部）
󲽟,20,󳜼,4,yufxn,页（码）
󲽠,23,󳜼,4,ygthxn,嘭（象声词）
󲽡,77,󳜼,4,yjuxn,（犁板）
󲽢,114,󳜼,4,ypghxc,（膀胱）
󲽣,,,,,重字
󲽤,126,󳜼,4,yythxn ,（饭盒（盛饭的餐具）
󲽥,150,󳜼,4,ythkxn,1、愿意；2、爱、好（吃）；
󲽦,156,󳜼,4,yhghxn,发酵
󲽧,192,󳜼,4,yjgxn,1、钻（孔、眼）；2、锥；
󲽨,213,󳜼,4,yyyuxn,泼（水）
󲽩,227,󳜼,4,yvyhxc,罐（子）
󲽪,264,󳜼,4,yyuhxz,1、（燕麦）；2、（野麦子（生长在麦地里的）；
󲽫,264,󳜼,4,yhjxv,坪（草坪）
󲽬,288,󳜼,4,yhjxn,1、褴褛（lanlv）；2、（木渣）；3、翠绿色；
󲽭,291,󳜼,4,ythhxv,（瘦）
󲽮,300,󳜼,4,yghgxn,1、钳（子）；2、搛（jian）夹；
󲽯,325,󳜼,4,yhthxz,1、（手镯）；2、（招古，彝族撒尼支系一种祭祀活动的名称）；
󲽰,349,󳜼,4,yjthxz,串（量词）
󲽱,55,󳜼,5,ygpghxn,黑粉
󲽲,90,󳜼,5,yphthxv,掘
󲽳,96,󳜼,5,yhfhgxn,（脚）碓（dui）
󲽴,128,󳜼,5,yjhuxn,（柏松）
󲽵,184,󳜼,5,yyfhxn,任随
󲽶,199,󳜼,5,yhmmuxn,耳（朵）
󲽷,203,󳜼,5,ywhhhxz,粒
󲽸,220,󳜼,5,yhgfxv,炸、响
󲽹,242,󳜼,5,yfhuxn,1、杆（名词）；2、杆（量词）；
󲽺,286,󳜼,5,yvyhjxn,（罢了、算了）
󲽻,287,󳜼,5,yghhhxz,机（器）
󲽼,304,󳜼,5,ykuxn,洼（陷）
󲽽,307,󳜼,5,ykfxn,1、（凉爽）；2、（蓑衣）；
󲽾,312,󳜼,5,yukxz,针
󲽿,323,󳜼,5,ythgjxn,（但是）
󲾀,361,󳜼,5,yphthxv,摸（黑）
󲾁,34,󳜼,6,yighouxn,1、锤子；2、（蜥蜴）；
󲾂,35,󳜼,6,yythgjxz,（地椒（一种香料，子粒可治沙眼）
󲾃,97,󳜼,6,ythjthxv,废、旧
󲾄,97,󳜼,6,yugdxz,（形容词缀）（苦殷殷）
󲾅,220,󳜼,6,yhgfgxn,空（空碗）
󲾆,275,󳜼,6,yjughxn,里边（方位词）
󲾇,69,󳜼,7,ypgffxn,（人名用词。（濮迂，（人名，笃慕第十代孙，与克博、鲁岱同为三兄弟）））
󲾈,196,󳜼,7,yuhggggxz,1、着（用在动词后面作嘱咐语气）；2、吗（表示疑问）；
󲾉,344,󳜼,7,ycjyhxn,凹
󲾊,374,󳜼,7,yipghogxn,（稍微）
󲾋,27,󳜽,2,umxz,1、（土）地；2、濮（人；3、（武濮所，古彝人的一个部族名；4、（濮吐珠液，彝语称贵州盘江，即北盘江上游）；
󲾌,81,󳜽,2,upxn,（铃铛）
󲾍,37,󳜽,3,ugjxn,（黑）暗
󲾎,39,󳜽,3,umyxn,蚂（蚁）
󲾏,64,󳜽,3,uhyxn,盆
󲾐,70,󳜽,3,umgxn,犁（地）
󲾑,82,󳜽,3,uhvxn,里（量词）
󲾒,170,󳜽,3,ughxn,撮箕
󲾓,179,󳜽,3,ufyxn,台垫
󲾔,185,󳜽,3,uuhxz,1、换；2、蜕；
󲾕,232,󳜽,3,upyxn,瞪眼、鼓眼
󲾖,319,󳜽,3,ugfxn,1、（灶台）；2、（地名用词）；
󲾗,380,󳜽,3,uthxn,（怜悯、可怜）
󲾘,18,󳜽,4,ukxn,（脾气）
󲾙,26,󳜽,4,umghxn,（土块）
󲾚,102,󳜽,4,ughfxn,（故事）
󲾛,143,󳜽,4,ughyxn,碰
󲾜,228,󳜽,4,ujgxz,一带
󲾝,252,󳜽,4,uhhhxn,厌烦、厌恶
󲾞,131,󳜽,4,ujhhhxn,长工
󲾟,289,󳜽,4,ukgxn,（地球）
󲾠,297,󳜽,4,uhdthxn,1、爱；2、相爱；
󲾡,335,󳜽,4,uguguxn,抠
󲾢,345,󳜽,4,ukdxn,盖（被子）
󲾣,257,󳜾,2,igxm,（形容词缀）（红艳艳）
󲾤,281,󳜾,2,idxm,角（货币量词）
󲾥,321,󳜾,2,ioxm,（烟杆）
󲾦,4,󳜾,3,iogxn,让
󲾧,35,󳜾,3,igoxm,（瘪）
󲾨,53,󳜾,3,ifxm,1、女儿；2、（阿美妮，（远古时期、与耿奢哲（举奢哲）同时期人）；3、（阿美鲁洪，（彝族“六祖”第五位慕克克的十三世孙）；
󲾩,54,󳜾,3,iifxz,1、及；2、（赶上）；
󲾪,142,󳜾,3,ijtxm,暴露
󲾫,156,󳜾,3,ifxz,的
󲾬,194,󳜾,3,ipgxm,（蝼蛄[lóugū]）
󲾭,214,󳜾,3,ivhxc,腿
󲾮,222,󳜾,3,idhxm,融
󲾯,233,󳜾,3,ipfxm,经（吃、穿）、耐（用）
󲾰,272,󳜾,3,ifgxc,（元旦）
󲾱,277,󳜾,3,ifgxm,1、妻子、媳妇；2、嫁；
󲾲,292,󳜾,3,iopxn,1、倾（倾家）；2、（睡觉）；
󲾳,305,󳜾,3,ijhxz,1、野（禽、兽）；2、野生植物；
󲾴,310,󳜾,3,iogxz,（镰刀）
󲾵,315,󳜾,3,ipuxm,呃（语气词）
󲾶,322,󳜾,3,ighxm,1、臼（牙）；2、（嘎寺福，彝语指云南泸西县城）；
󲾷,326,󳜾,3,iifxm,蜷（缩）
󲾸,,,,,重字
󲾹,386,󳜾,3,igpxm,吆喝
󲾺,6,󳜾,4,iyhgxz,（门转轴、门闩）
󲾻,17,󳜾,4,igjxm,1、（外婆、外祖母）；2、（舅娘，舅妈）；
󲾼,47,󳜾,4,ioggxv,解（木板）（把木头变成木板）
󲾽,47,󳜾,4,ighjxn,繁衍
󲾾,107,󳜾,4,ijdxm,相抵、抵消
󲾿,130,󳜾,4,ifhxm,搭（棚、架子）
󲿀,151,󳜾,4,ighhxv,1、刨；2、砍；
󲿁,184,󳜾,4,iuhgxm,放任（牲畜散开吃草）
󲿂,185,󳜾,4,ioggxm,哮喘
󲿃,191,󳜾,4,ilvhxm,刺杀
󲿄,201,󳜾,4,iofxn,雄性（专指羊）
󲿅,202,󳜾,4,ihhhxm,闷、闭（气）
󲿆,232,󳜾,4,iofxc,1、（强制性的）喊（人）；2、（督促）；
󲿇,244,󳜾,4,igghxm,1、次、回、届（量词）；2、（作阿级堵。（彝族的地名））；3、（作洛级，（人名用词））；
󲿈,276,󳜾,4,ioioxm,间隔、距离
󲿉,318,󳜾,4,ighdxm,捉、拿；
󲿊,319,󳜾,4,ifsxm,抽打
󲿋,353,󳜾,4,igjxm,医治
󲿌,358,󳜾,4,iiigxz,柏（树）
󲿍,19,󳜾,5,ihfhxv,缺损
󲿎,111,󳜾,5,ijpgxm,脂（松脂）
󲿏,143,󳜾,5,ighfxv,绊
󲿐,155,󳜾,5,ihdxm,（从主干长出来的枝芽）
󲿑,164,󳜾,5,ifkxv,（昆虫）
󲿒,199,󳜾,5,idhxm,1、（毕摩的法帽）；2、（洛玻思齿液，（鸭池河，在贵州黔西））；3、（乐作，彝族的一种舞蹈）；
󲿓,206,󳜾,5,iqqqhxm,挂子
󲿔,27,󳜾,6,idphxc,胀
󲿕,109,󳜾,6,ipghghxm,习惯
󲿖,115,󳜾,6,ijgjxv,（用刀）修削
󲿗,150,󳜾,6,igojugxn,勤
󲿘,115,󳜾,7,igjjhxc,（芫荽）
󲿙,99,󳜾,8,ikgkxv,1、编织；2、（组织（名词））；
󲿚,353,󳜿,2,ojxm,枕（头）
󲿛,4,󳜿,3,opixm,阴门
󲿜,313,󳜿,3,oogxz,（关系）
󲿝,341,󳜿,4,oiugxz,1、断；2、破；3、伤（心）；
󲿞,357,󳜿,4,othixm,（（枪）扳机）
󲿟,248,󳜿,6,oghipfxn,肥
󲿠,354,󳝀,1,yxz,1、甩；2、甩开；
󲿡,5,󳝀,2,yvxz,（平面物体扭）翘
󲿢,8,󳝀,2,yhxz,排（水）
󲿣,58,󳝀,2,yjxz,（洋芋）
󲿤,70,󳝀,2,yjxn,1、豺；2、狼；
󲿥,76,󳝀,2,yqxn,远
󲿦,108,󳝀,2,ywxn,闯入
󲿧,105,󳝀,2,ygxc,上级
󲿨,114,󳝀,2,yhxz,1、（形容性格孤僻）；2、隐约；
󲿩,118,󳝀,2,yixz,（鱼）鳞
󲿪,132,󳝀,2,yhxz,1、（鲁朵（1、卦名，指《八卦》中的震、巽（xun）二卦；2、远古部族名，（这个部族首先把野兽驯化成家畜）；3、传说中的山精；4、凶煞神；）；2、让；
󲿫,158,󳝀,2,,重字
󲿬,195,󳝀,2,yjxz,坍塌
󲿭,275,󳝀,2,ypxc,铃
󲿮,289,󳝀,2,yhxn,融化
󲿯,294,󳝀,2,ygxz,1、（（门）楣）（就是正门上方门框上部的横梁，一般都是粗重实木制就）；2、（过分）；
󲿰,309,󳝀,2,yhxc,（傣族（摆夷））
󲿱,320,󳝀,2,yjxc,拾、捡
󲿲,324,󳝀,2,ygxn,（脊）背
󲿳,326,󳝀,2,ygxz,收缩
󲿴,356,󳝀,2,ygxz,（口）味
󲿵,363,󳝀,2,yvxn,（群众、百姓）
󲿶,364,󳝀,2,yhxc,收缩
󲿷,368,󳝀,2,yyxz,拉
󲿸,3,󳝀,3,ygdxm,剩
󲿹,3,󳝀,3,ygdxm,1、渣；2、（糊状）；3、（不清洁，不干净，不卫生）；
󲿺,6,󳝀,3,yfgxc,绊
󲿻,9,󳝀,3,yfxz,返、回
󲿼,9,󳝀,3,yghxc,蒙（鼓）（动词）
󲿽,12,󳝀,3,yhhxc,（手）掌
󲿾,13,󳝀,3,yhgxz,1、毕（摩）；2、（毕摩祭祖灵）；3、（毕主哪慕格，彝族先民传说为比方的部族首领）；4、念诵；5、（崩遮博，山名，在云南新平、元江三县之间）；
󲿿,14,󳝀,3,yyfxn,（嘴）唇
󳀀,15,󳝀,3,yioxn,（背篓）
󳀁,18,󳝀,3,ypgxc,肿
󳀂,34,󳝀,3,yuhxz,1、（牛（斗架；2、（象声词（公羊追逐母羊发出的声音）；
󳀃,36,󳝀,3,yvfxn,（猫头鹰）
󳀄,36,󳝀,3,ygjxn,（你、我、他）的
󳀅,65,󳝀,3,yjjxn,左
󳀆,67,󳝀,3,ywgxn,1（束手无策、没有办法）；2、封；
󳀇,115,󳝀,3,yfxc,模仿、效仿
󳀈,118,󳝀,3,yhqxz,（大蒜）
󳀉,137,󳝀,3,yhyxn,（窝）
󳀊,137,󳝀,3,yyjxn,叠、摞（luo）
󳀋,137,󳝀,3,ygpxn,1、脓包；2、（凝结、凝固）；
󳀌,140,󳝀,3,yhvxn,1、他、她、它；2、其；2、其（其实、其中）；3、那（那一天）；
󳀍,152,󳝀,3,yqhxz,融、细（末）
󳀎,159,󳝀,3,yghxc,1、洞；2、坑；
󳀏,159,󳝀,3,yhjxz,（健壮）
󳀐,174,󳝀,3,yhpxn,弩
󳀑,181,󳝀,3,yjgxb,（脚后跟）
󳀒,189,󳝀,3,yjxz,（鲁朵（1、卦名，指《八卦》中的震、巽（xun）二卦；2、远古部族名，（这个部族首先把野兽驯化成家畜）；3、传说中的山精；4、凶煞神；）；
󳀓,191,󳝀,3,yghxz,船
󳀔,191,󳝀,3,yhgxc,烙（老）（穿）
󳀕,210,󳝀,3,yuhxz,烧（燃料）
󳀖,206,󳝀,3,yhtxv,两（量词）
󳀗,218,󳝀,3,yghxm,枣红色
󳀘,236,󳝀,3,yhdxm,姜
󳀙,258,󳝀,3,yhgxc,野鸡
󳀚,279,󳝀,3,yguxc,掰
󳀛,282,󳝀,3,ygdxm,坛
󳀜,290,󳝀,3,yhfxz,烦（闷）
󳀝,304,󳝀,3,yhuxn,凹
󳀞,304,󳝀,3,yhhxv,天上（古语）
󳀟,304,󳝀,3,yguxn,粘、贴
󳀠,316,󳝀,3,ythxc,（戒指）
󳀡,318,󳝀,3,yjxc,（语气助词）
󳀢,321,󳝀,3,yghxn,（树）枝
󳀣,335,󳝀,3,yghxz,罩
󳀤,344,󳝀,3,ygvxc,弯（曲）
󳀥,345,󳝀,3,yghxz,1、（很顽强）；2、（能沽，彝语指成都）；
󳀦,348,󳝀,3,yghxz,立（春）
󳀧,352,󳝀,3,ypgxc,（头）颅
󳀨,362,󳝀,3,yhgxc,（粥）
󳀩,12,󳝀,4,yhjhxn,1、（花）朵；2、朵（量词）；
󳀪,12,󳝀,4,yhwyxn,诉（说）
󳀫,13,󳝀,4,yggxn,（云南）
󳀬,18,󳝀,4,yfgxn,1、礼仪；2、制度；
󳀭,18,󳝀,4,yfuxn,1、爵禄；2、碑刻；
󳀮,23,󳝀,4,yhfxn,方法、办法、措施
󳀯,26,󳝀,4,ygfxn,糊涂
󳀰,27,󳝀,4,yghfxn,穿（针，东西）
󳀱,45,󳝀,4,yghgxv,拱（猪拱地）
󳀲,57,󳝀,4,yjhxc,（1、规整；2、严实；）
󳀳,59,󳝀,4,yhjxn,（沙子、砂子）
󳀴,62,󳝀,4,ypghxm,（木姜）
󳀵,72,󳝀,4,yfhxn,1、左方；侍从
󳀶,81,󳝀,4,yhpgxc,段、截（量词）
󳀷,104,󳝀,4,yfhxz,（高粱）
󳀸,109,󳝀,4,ygjxz,融（煮融）
󳀹,113,󳝀,4,yghgxn,容器
󳀺,115,󳝀,4,yjghxm,（醋）
󳀻,116,󳝀,4,yyggxb,1、记号；3、（黑痣）；
󳀼,117,󳝀,4,ygfgxm,舒服、好过
󳀽,122,󳝀,4,yghhxn,（招待）
󳀾,133,󳝀,4,yghhxn,（牵幼儿学走路用语、意思时“行啊”）
󳀿,134,󳝀,4,hghhxc,传递
󳁀,139,󳝀,4,yhuhxn,现（呈现）
󳁁,141,󳝀,4,ygugxn,相对
󳁂,145,󳝀,4,ykxc,（黄果）
󳁃,152,󳝀,4,ygdhxz,1、（形容词缀）；2、得（副词）；
󳁄,167,󳝀,4,yhgixm,吞、咽
󳁅,169,󳝀,4,yhggxc,（小孩子）怕
󳁆,180,󳝀,4,yghdxm,1、嫩；2、软；
󳁇,183,󳝀,4,ypjhxm,（耳环）
󳁈,188,󳝀,4,yhgjxn,（米）仁
󳁉,200,󳝀,4,yyhjxc,（阴茎）
󳁊,222,󳝀,4,yghmxn,（齐根部）割
󳁋,226,󳝀,4,ygghxn,（山乍鸟）
󳁌,227,󳝀,4,ygggxn,脏
󳁍,242,󳝀,4,yjhxm,离开
󳁎,248,󳝀,4,yhhyxn,炖
󳁏,262,󳝀,4,yhhgxn,浅蓝色
󳁐,279,󳝀,4,yhgjxn,（形容词缀）
󳁑,285,󳝀,4,ypupxn,（口弦）
󳁒,292,󳝀,4,yhfxc,1、筋、脉；2、（水沟）；
󳁓,304,󳝀,4,yghgxn,（北斗星）
󳁔,304,󳝀,4,yhghxm,（疡（yang）子，疮、溃烂）
󳁕,306,󳝀,4,yjhxz,还、又、再
󳁖,307,󳝀,4,ygjxn,承诺、许诺
󳁗,313,󳝀,4,ygjxz,1、数（动词）；2、读、念）；
󳁘,326,󳝀,4,yjuxn,脚（抽）、转筋；
󳁙,334,󳝀,4,yyghxn,1、硬；2、狠；3、难；4、（结实）；
󳁚,335,󳝀,4,ygthxn,校（正）
󳁛,345,󳝀,4,yfgxn,床（量词）（一张、床被子）
󳁜,375,󳝀,4,yjyjxm,哎（叹词）
󳁝,362,󳝀,4,ygupxn,（清明（节日））
󳁞,379,󳝀,4,ypghxm,捂
󳁟,386,󳝀,4,yhghxc,（太阳）
󳁠,387,󳝀,4,ygyhxn,1、见；2、（知识）；3、（1、依靠、仰仗；2、重视、瞧得起；）；4、（美姑县）；
󳁡,20,󳝀,5,yfjhxn,（单眼皮）
󳁢,20,󳝀,5,ygbyxn,（灰尘）
󳁣,21,󳝀,5,yfgvxn,（背皮（背物套在额头上得皮带）
󳁤,21,󳝀,5,yfupxn,1、别（处）；2、另；3、（另外）；
󳁥,21,󳝀,5,yhhghxz,（月琴）
󳁦,39,󳝀,5,yhyhgxz,旁边
󳁧,50,󳝀,5,yhgogxn,毛
󳁨,51,󳝀,5,ygffxz,细毛
󳁩,60,󳝀,5,ygjhxn,魔（病魔）
󳁪,63,󳝀,5,yjghxn,模样
󳁫,88,󳝀,5,yghthxn,（饭盆）
󳁬,93,󳝀,5,yjyhxn,1、地（古语）；2、（土块）；3、（实楚、彝族先民最早出现的一位毕摩）；
󳁭,94,󳝀,5,ygyghxn,1、（太阳）；2、（耳语）；
󳁮,96,󳝀,5,yjufxn,（盐）臼
󳁯,100,󳝀,5,yhjhxn,丰富
󳁰,124,󳝀,5,yyghgxn,（人）躲
󳁱,135,󳝀,5,yfufxn,积（灰尘）
󳁲,178,󳝀,5,ygthhxm,赶，吆（猪、马）
󳁳,196,󳝀,5,ygghgxn,1、破烂；2、（槟榔）；3、（弯钩）；
󳁴,196,󳝀,5,ygjuxn,蘸
󳁵,213,󳝀,5,yffxm,1、脸；2、方；3、形；
󳁶,225,󳝀,5,yhgghxn,（把物体往前）推进
󳁷,231,󳝀,5,ygpghxn,驼
󳁸,257,󳝀,5,yghghxm,1、栖息；2、（（群鸦）乱叫（彝族民间认为这是凶兆））；
󳁹,260,󳝀,5,ygqfxv,1、施政、发布（政令）；2、（指示）；
󳁺,274,󳝀,5,ygkkkxn,跟
󳁻,278,󳝀,5,ythhuxn,（脾气）
󳁼,279,󳝀,5,yhjhxn,（鸟）巢、窝
󳁽,291,󳝀,5,yhjvxn,饭
󳁾,291,󳝀,5,yhhhhxv,破烂
󳁿,306,󳝀,5,ypghxn,（象声词）
󳂀,311,󳝀,5,ygkxn,（远）祖
󳂁,313,󳝀,5,ygffxz,（悲恸）
󳂂,327,󳝀,5,ykjxn,1、渡（船）、划（船）；2、游（泳）；3、（阿庚阿外，（人名，汉文古籍中记作阿佩，《唐书》“文宗开成元年封作罗甸王））；
󳂃,334,󳝀,5,yhkxn,（词头（脸））
󳂄,348,󳝀,5,yffxc,1、亲（疏）；2、亲（戚）；
󳂅,352,󳝀,5,yhhhpxn,1、荞；2、（个旧，彝语称个旧）；
󳂆,357,󳝀,5,yththxn,撬
󳂇,363,󳝀,5,yfhgxn,（灯盏）
󳂈,374,󳝀,5,ygghuxz,吉利
󳂉,4,󳝀,6,ythujxn,1、刁难；2、诡辩；
󳂊,6,󳝀,6,yhhhhhxc,碗
󳂋,57,󳝀,6,yjgjxn,1、（图影、属相）；2、（鄂莫，古彝人的一个部落）；
󳂌,77,󳝀,6,yffgxn,泡沫
󳂍,83,󳝀,6,yhhhghxn,戏
󳂎,87,󳝀,6,yffjxn,（可爱）
󳂏,104,󳝀,6,yffgxn,1、粮食；2、庄稼；
󳂐,210,󳝀,6,yggjhxn,1、编（动词）；2、辫（子）；3、（形容编织粗糙）；
󳂑,237,󳝀,6,ydhgxn,（猫，古语）
󳂒,237,󳝀,6,yhghhhxn,绘
󳂓,237,󳝀,6,ykgjxn,画眉（鸟）
󳂔,243,󳝀,6,yhjuhxn,（灰叶菜）
󳂕,278,󳝀,6,yhkjxn,（能吃）
󳂖,279,󳝀,6,ygghioxn,（（小声）抽泣）
󳂗,284,󳝀,6,yghjghxz,1、遮挡；2、挡
󳂘,293,󳝀,6,yghhjxz,（藤子）
󳂙,360,󳝀,6,yjjhxn,1、新；2、辛（天干第八位）；
󳂚,375,󳝀,6,yhgyhgxm,（蝼蛄[lóugū]）
󳂛,375,󳝀,6,yffyxn,喂
󳂜,50,󳝀,7,yjjjxn,将要
󳂝,68,󳝀,7,yffgjxz,付（量词）
󳂞,163,󳝀,7,yfgufxn,砧板（菜墩）
󳂟,218,󳝀,7,yhkfxz,癞
󳂠,224,󳝀,7,ygjgghxm,丑陋
󳂡,259,󳝀,7,yfffxv,丝（线）
󳂢,272,󳝀,7,yffghxn,（吹捧、奉承）
󳂣,278,󳝀,7,yghupghxn,欺辱、欺负
󳂤,305,󳝀,7,yyjdxn,蒸（饭）
󳂥,377,󳝀,7,yfhfhxc,揍
󳂦,4,󳝀,8,yhyhhgthxn,分（櫱（niè））
󳂧,26,󳝀,8,yfhfhuxn,（家谱）
󳂨,102,󳝀,8,yffjuxn,（火药）
󳂩,128,󳝀,8,yhgjgghxm,1、顿、放置；2、停放；
󳂪,154,󳝀,8,yfhhhghxn,鼓（眼）
󳂫,185,󳝀,8,ygfhfhxn,祭（祖）
󳂬,286,󳝀,8,ykgkxn,（坟墓）
󳂭,339,󳝀,8,yhfffxv,分养（母畜）
󳂮,384,󳝀,8,yffughxn,1、煨（wei）；2、热（动词）；
󳂯,350,󳝀,9,yfyfyfxn,1、疥疮；2、（水痘）；
󳂰,36,󳝁,3,ugjxz,索
󳂱,162,󳝁,3,ugyxz,1、处（量词）；2、（这）里；3、（哪）里；
󳂲,237,󳝁,3,umgxn,（蜥蜴）
󳂳,310,󳝁,3,uugxz,遗传
󳂴,372,󳝁,3,uppxz,（马）鞍
󳂵,74,󳝁,4,ughhxc,按（摩）
󳂶,84,󳝁,4,ujyxz,（化脓）
󳂷,267,󳝁,4,ugjxc,1、（方法）；2、（旁边）；
󳂸,363,󳝁,4,ughpxn,洁净、干净
󳂹,214,󳝁,5,uffxz,照、映
󳂺,268,󳝁,7,ufygghxm,1、（白酒、烧酒）；2、（纪俄格，古乌撒地方政权的彝称）；
󳂻,34,󳝂,2,igxz,笨拙
󳂼,48,󳝂,2,iixc,浮肿、水肿
󳂽,100,󳝂,2,ihxn,碎步
󳂾,151,󳝂,2,ihxn,（铜帽）
󳂿,160,󳝂,2,igxc,1、（产）生；2、癸（天干第十位）；3、（后面、后边）；
󳃀,210,󳝂,2,ijxc,（骨）髓
󳃁,286,󳝂,2,ipxn,1、草墩；2、圈（量词）；
󳃂,306,󳝂,2,igxz,1、死；2、死亡；3、灭亡；4、认输；
󳃃,319,󳝂,2,ihxz,杯（子）
󳃄,327,󳝂,2,ihxz,1、弯；2、（古糯，彝语指贵阳）；
󳃅,356,󳝂,2,igxz,掰、扳（开）
󳃆,378,󳝂,2,ihxz,（山）顶、（树）梢
󳃇,24,󳝂,3,ighxz,父（母）、（阴）阳、男（女）
󳃈,24,󳝂,3,ighxz,磨（动词、磨面、磨豆腐）
󳃉,36,󳝂,3,igvxn,痴呆
󳃊,36,󳝂,3,ihhxn,方、面
󳃋,47,󳝂,3,igfxz,衣裳
󳃌,51,󳝂,3,ihfxz,平静
󳃍,67,󳝂,3,ihtxb,肉
󳃎,230,󳝂,3,iigxz,1、（谜语）；2、猜测，推测；
󳃏,289,󳝂,3,iqgxn,1、起始；2、兴起；
󳃐,292,󳝂,3,igjxn,（操作）
󳃑,298,󳝂,3,ihpxv,（（传说中的）水怪）
󳃒,325,󳝂,3,iivxn,（火坑）
󳃓,335,󳝂,3,ighxz,1、年；2、岁；
󳃔,345,󳝂,3,ijxc,史
󳃕,360,󳝂,3,igfxm,擤（xing）（鼻涕）
󳃖,366,󳝂,3,igmxn,梭动、移动
󳃗,389,󳝂,3,ihhxm,野牛
󳃘,31,󳝂,4,ipghxn,（葫芦）
󳃙,31,󳝂,4,igkhxv,（天麻）
󳃚,45,󳝂,4,ighhxm,起（皮）
󳃛,90,󳝂,4,ihghxn,（动物）油
󳃜,99,󳝂,4,ifgxc,1、凶恶（专指兽类）；2、（无中生有）；2、（疔毒）；
󳃝,177,󳝂,4,igghxn,舍得
󳃞,184,󳝂,4,ifgxn,（刀）叶
󳃟,215,󳝂,4,ifgxn,同意
󳃠,241,󳝂,4,igygxn,伸（脚、手）
󳃡,276,󳝂,4,ifhxz,李（子）
󳃢,304,󳝂,4,igghxn,（形容嚼食动词）
󳃣,306,󳝂,4,iihdxm,吧（语气助词）
󳃤,325,󳝂,4,ifhxm,盖（使动）
󳃥,359,󳝂,4,ighhxm,浓稠
󳃦,370,󳝂,4,ikxz,1、腹；2、（受贿）；3、（怀孕）；
󳃧,13,󳝂,5,ikqxz,刺猬
󳃨,14,󳝂,5,iyhthxz,耢（lào）（地）
󳃩,106,󳝂,5,iffxc,尊敬
󳃪,200,󳝂,5,idjxm,1、呀（语气助词）；2、（1、稍微；2、一下）；
󳃫,234,󳝂,5,ihpghxv,（非正常死亡）
󳃬,104,󳝂,6,ijjhxm,1、集中；2、（列席、到会）；3、（相会）；
󳃭,124,󳝂,6,ikhjxn,操纵、统管
󳃮,156,󳝂,6,ighdxm,1、（乱说）；2、（话多）；
󳃯,331,󳝂,6,ifvfxn,1、咬；2、咬（使动）；
󳃰,52,󳝂,7,ijkmxn,微弯
󳃱,266,󳝂,7,ifpghhxm,隔（动词）
󳃲,170,󳝃,2,ooxc,（荨（qian）麻）
󳃳,73,󳝃,3,oohxm,（窥探）
󳃴,340,󳝄,2,jgxc,租
󳃵,9,󳝄,3,jjxz,（强调）
󳃶,231,󳝄,3,jhhxn,（黏糊糊）
󳃷,347,󳝄,3,jjxc,完（事做完了没有？）
󳃸,28,󳝄,4,jghxm,（臭味）
󳃹,348,󳝄,4,jjjjxc,（形容词缀）累累
󳃺,220,󳝄,5,jgdxm,荒（芜）
󳃻,148,󳝄,7,jjuhxm,（一会儿）
󳃼,212,󳝄,8,jfupghxn,（稀烂）
󳃽,146,󳝅,1,pxz,（宇宙）
󳃾,15,󳝅,2,phxz,1、（叹词）；2、（武德木，人名，古彝族人部落首领）；2、（敌博火液，彝语指大渡河）；
󳃿,28,󳝅,2,pmxn,泡（形容词）
󳄀,44,󳝅,2,ppxc,（小的）（畜生）圈
󳄁,58,󳝅,2,pjxz,（青幽幽）
󳄂,56,󳝅,2,phxz,竹
󳄃,77,󳝅,2,ppxz,肠
󳄄,92,󳝅,2,pmxc,盐巴
󳄅,97,󳝅,2,pfxm,（砂锅）
󳄆,116,󳝅,2,pfxc,（菜刀）
󳄇,174,󳝅,2,pjxz,1、大；2、（哪吞落姆，古代名城，今在昆明晋宁境内）；
󳄈,175,󳝅,2,phxz,贪婪
󳄉,176,󳝅,2,pgxz,你
󳄊,168,󳝅,2,phxc,1、蛋；2、生（蛋）
󳄋,186,󳝅,2,pwxc,（小饼）
󳄌,186,󳝅,2,pfxz,（诽谤）
󳄍,188,󳝅,2,pqxz,舌头
󳄎,188,󳝅,2,fpxz,裤子
󳄏,189,󳝅,2,pfxz,1、炒；2、煎；
󳄐,194,󳝅,2,pmxc,（怀）孕（古语）
󳄑,195,󳝅,2,pixc,1、（玩耍）；2、（铃铛）；
󳄒,197,󳝅,2,ptfxz,惟恐、害怕
󳄓,200,󳝅,2,phxc,1、宇宙；2、（妥鲁博）；
󳄔,214,󳝅,2,pgxc,白
󳄕,216,󳝅,2,pyxz,口吃、结巴
󳄖,249,󳝅,2,pgxm,1、锁（名词）；2、锁（动词）；
󳄗,275,󳝅,2,pfhgxc,锣
󳄘,283,󳝅,2,phxz,茄（子）
󳄙,282,󳝅,2,pdxz,1、伤害；2、（形容词缀（懒洋洋））；
󳄚,308,󳝅,2,pvxz,（臭虫）
󳄛,309,󳝅,2,ppxz,（1、（埋怨）；2、（诉苦））
󳄜,366,󳝅,2,phxc,1、池、海、湖；2、（地名、人名用词）；
󳄝,388,󳝅,2,phxc,1、月（名词）（月亮）；2、月（量词）；
󳄞,370,󳝅,2,phxz,洋
󳄟,3,󳝅,3,pthxz,掏
󳄠,6,󳝅,3,pfhxc,（管、筒）
󳄡,9,󳝅,3,pddxc,煎炸
󳄢,15,󳝅,3,pfgxn,（蚕豆）
󳄣,16,󳝅,3,pogxm,（清楚、明白）
󳄤,27,󳝅,3,phgxc,发现
󳄥,31,󳝅,3,pyuxz,1、拖；2、（腰包、衣兜）；3、（韧绵（形容食物不易嚼烂））；
󳄦,32,󳝅,3,pffxz,（攀枝花）
󳄧,37,󳝅,3,phuxz,（畜生的）乳房
󳄨,38,󳝅,3,pfgxc,（洋）芋、马铃薯
󳄩,41,󳝅,3,pggxn,太阳
󳄪,41,󳝅,3,pyhxc,1、偶像；2、菩萨；
󳄫,42,󳝅,3,phfxz,（粗）磨
󳄬,43,󳝅,3,pjyxn,开（自动）
󳄭,45,󳝅,3,phgxz,钻（进）
󳄮,50,󳝅,3,pghxz,（弥觉（传说中的水怪）
󳄯,51,󳝅,3,phuxn,细小、细微
󳄰,58,󳝅,3,pggxn,（水瓢）
󳄱,67,󳝅,3,phhxz,壶
󳄲,76,󳝅,3,pwhxn,（桃子）
󳄳,78,󳝅,3,pghxn,簇拥
󳄴,79,󳝅,3,pghxn,储备
󳄵,79,󳝅,3,pjjxz,争夺
󳄶,83,󳝅,3,pghxm,插（使动）
󳄷,84,󳝅,3,pppxm,绒
󳄸,87,󳝅,3,pjtxc,（云雀）
󳄹,88,󳝅,3,pghxn,差遣、派遣
󳄺,91,󳝅,3,pjxc,（草莓）
󳄻,91,󳝅,3,pggxm,（腼腆）
󳄼,103,󳝅,3,puhxz,凿（子）
󳄽,108,󳝅,3,phhxz,劈
󳄾,117,󳝅,3,pghxc,1、学；2、明；
󳄿,139,󳝅,3,pdgxm,（（1）乾坤；（2）宇宙空间的上下；）
󳅀,157,󳝅,3,pthxn,生（疮）、长（瘤子）
󳅁,174,󳝅,3,pphxz,那
󳅂,174,󳝅,3,phyxn,眼
󳅃,175,󳝅,3,pfgxc,1、肥；2、（肥肉）；
󳅄,176,󳝅,3,pyyxc,（石榴）
󳅅,176,󳝅,3,pfgxz,块（量词）
󳅆,177,󳝅,3,pghxc,1、猴；2、申（地支第九位）；
󳅇,188,󳝅,3,pigxc,（睾丸）
󳅈,187,󳝅,3,phhxm,沟渠
󳅉,189,󳝅,3,pyhxz,口袋
󳅊,199,󳝅,3,pifxz,足够、够
󳅋,206,󳝅,3,pthxc,囫囵
󳅌,223,󳝅,3,phgxn,蹬
󳅍,227,󳝅,3,pjhxn,丈（长度）
󳅎,236,󳝅,3,pdhxv,（时）候
󳅏,238,󳝅,3,phhxz,半（夜、路）
󳅐,241,󳝅,3,pcxz,钓（鱼）
󳅑,241,󳝅,3,pftxz,件（量词）
󳅒,245,󳝅,3,pyhxn,（毕摩的）法铃
󳅓,245,󳝅,3,pjxz,1、筷子；2、（重叠词缀）；
󳅔,251,󳝅,3,pgjjxz,柳
󳅕,264,󳝅,3,pghxz,（摩史，（彝族中宣诵、讲文史、善歌善舞的歌师）
󳅖,266,󳝅,3,pghxz,（打柴、拾柴）
󳅗,267,󳝅,3,phdxz,（纽襻（扣住纽扣的套儿））
󳅘,270,󳝅,3,pgpxm,（眼）镜
󳅙,272,󳝅,3,pfgxz,1、注（视）；2、醒（使动）；
󳅚,282,󳝅,3,pfhhxn,撞（鬼）
󳅛,289,󳝅,3,pvgxm,虾（子）
󳅜,289,󳝅,3,pihxz,腋
󳅝,290,󳝅,3,jpgxz,（鸡嗉子果（一种野果，可食用））
󳅞,302,󳝅,3,pjgxc,（里面）有
󳅟,310,󳝅,3,pftxb,睡
󳅠,312,󳝅,3,pgqxn,（下弦（月））
󳅡,313,󳝅,3,phhxz,江
󳅢,315,󳝅,3,phgxm,（慢慢地）
󳅣,317,󳝅,3,phgxz,勺子、匙
󳅤,322,󳝅,3,pghxm,押送（犯人）
󳅥,326,󳝅,3,pfhxz,（野鸭）
󳅦,332,󳝅,3,pghxz,笔
󳅧,334,󳝅,3,puhxn,（接物发语词）
󳅨,337,󳝅,3,pppxz,环
󳅩,339,󳝅,3,phgxn,1、吉祥；2、（宗祠）；
󳅪,347,󳝅,3,dpgxz,1、歌；2、（跳舞）；
󳅫,350,󳝅,3,ppqxm,（手铐）
󳅬,351,󳝅,3,pghxz,1、拖、拉；2、抽、吸；
󳅭,351,󳝅,3,phdxm,如、及
󳅮,354,󳝅,3,pyhxc,1、汇合；2、参与；3、（开会）；
󳅯,355,󳝅,3,pjfxz,1、占卜；2、（法术）；
󳅰,355,󳝅,3,phgxz,巫
󳅱,357,󳝅,3,pffxm,1、扳（弯、断）；2、（弯钩）；
󳅲,371,󳝅,3,phgxz,吼
󳅳,378,󳝅,3,pghxn,（什么）
󳅴,378,󳝅,3,pgjxn,头
󳅵,379,󳝅,3,pdhxm,叫（人）（传唤）
󳅶,8,󳝅,4,pgjxc,（耳朵）
󳅷,9,󳝅,4,pghgxn,1、材料；2、（啄木鸟）；
󳅸,11,󳝅,4,pghgxn,（栘（yí）依果、多依果（一种乔木的果实。酸味，可食用，也可做药）
󳅹,21,󳝅,4,pghuxn,（漂流、浪荡）
󳅺,23,󳝅,4,pghmxn,（蜂）窝
󳅻,25,󳝅,4,pghgxn,（成团的物质）
󳅼,26,󳝅,4,pgghxn,（群众、百姓）
󳅽,29,󳝅,4,pjdxm,1、蹄子；2、（脚后跟）；
󳅾,30,󳝅,4,pjgxn,（肚脐眼）
󳅿,34,󳝅,4,pghdxm,（（1）规规整整；（2）严严实实；）
󳆀,43,󳝅,4,pjmxn,嚎叫
󳆁,47,󳝅,4,pyhuxc,1、饱；2、饱满；3、胀；
󳆂,48,󳝅,4,pefxc,（垢腻）
󳆃,52,󳝅,4,pghgxc,笋
󳆄,60,󳝅,4,pkxz,（香芝麻花，（一种野生植物），其花、叶子古时曾作茶用）
󳆅,62,󳝅,4,pghhxn,（球状物体）
󳆆,63,󳝅,4,phghxz,（菲篥（li）（一种吹奏的草杆乐器）
󳆇,84,󳝅,4,pjgxn,（锛子（锛子是削平木料的工具））
󳆈,85,󳝅,4,pjvxn,（蹲起）
󳆉,104,󳝅,4,pdddxz,（彩虹）
󳆊,111,󳝅,4,pguhxn,觉察、发觉、感觉
󳆋,120,󳝅,4,phyuxn,私人
󳆌,130,󳝅,4,pkhpxn,（蓖麻）
󳆍,135,󳝅,4,pghgxn,赌
󳆎,141,󳝅,4,pthhxc,（风箱）
󳆏,148,󳝅,4,pfggxm,（猛）拉
󳆐,160,󳝅,4,phhgxz,（孔眼、空洞）
󳆑,167,󳝅,4,pfhxz,（（祭祀用的）酒具）
󳆒,168,󳝅,4,pgjxm,1、打；2、（椎chuí杀（击杀））；
󳆓,175,󳝅,4,phythxn,1、看；2、（形容飞快消逝）；
󳆔,177,󳝅,4,pjjxn,（赌咒）
󳆕,179,󳝅,4,pjrxb,诓（欺骗）（小孩）
󳆖,187,󳝅,4,pjuxn,（干瞪眼）
󳆗,192,󳝅,4,pthgxc,（葫芦）
󳆘,198,󳝅,4,pfgxc,石头
󳆙,200,󳝅,4,ppghxc,雹
󳆚,216,󳝅,4,pghhxz,1、（爽朗）；2、（赤陀，人名，氏族名，是彝族先民中首创典章者）；
󳆛,246,󳝅,4,pthgxc,（舌头）伸缩
󳆜,247,󳝅,4,phghxz,（蝉、知了）
󳆝,249,󳝅,4,phghxc,美丽、漂亮、干净
󳆞,251,󳝅,4,phggxc,1、美；2，良，好；
󳆟,271,󳝅,4,pgpjxn,（雷）
󳆠,284,󳝅,4,pyhgxn,辣疼、辣痛
󳆡,298,󳝅,4,pfghxm,1、交合；2、会、合；
󳆢,315,󳝅,4,pjthxz,（懒）
󳆣,321,󳝅,4,pgjxm,容量大
󳆤,330,󳝅,4,pjqxz,（魔芋）
󳆥,336,󳝅,4,ppvpxm,（家具、物品）
󳆦,341,󳝅,4,pkxz,（倒霉）
󳆧,343,󳝅,4,phggxn,空间垂直的下面
󳆨,350,󳝅,4,phhtxz,串（动词、量词）
󳆩,355,󳝅,4,phfhxm,（布谷鸟）叫
󳆪,356,󳝅,4,pgthxn,孩（子）
󳆫,361,󳝅,4,phthxz,1、摘；2、扯；
󳆬,364,󳝅,4,pthgxz,消瘦
󳆭,373,󳝅,4,pgjjxn,哭
󳆮,376,󳝅,4,ipfhxm,1、（酸木瓜）；2、（胡琴）；
󳆯,377,󳝅,4,pghjxn,1、他们（引述语）；2、（俄卓，西昌的彝语名称）；
󳆰,382,󳝅,4,pghfxm,1、傻；2、鲁莽；
󳆱,386,󳝅,4,pffxm,1、蛆虫；2、生（蛆虫）；
󳆲,1,󳝅,5,pghthxn,隐瞒
󳆳,2,󳝅,5,pghgjxn,（头部某些突出的位置）
󳆴,14,󳝅,5,pyhthxz,1、绞；2、（电缆）；
󳆵,26,󳝅,5,pgghgxn,刮风
󳆶,32,󳝅,5,phgghxm,吵（架）
󳆷,39,󳝅,5,pyhyhxn,（祖父、爷爷）
󳆸,42,󳝅,5,phhvvxn,1、口（量词）；2、（腮帮子）；
󳆹,44,󳝅,5,ggpggxn,1、光明、光亮、明亮；2、（月亮）；
󳆺,47,󳝅,5,pyhhhxz,溢、漫
󳆻,65,󳝅,5,pjjxz,分（量词，钱币的量词）
󳆼,68,󳝅,5,pffxz,福
󳆽,109,󳝅,5,pjggxc,模仿
󳆾,111,󳝅,5,pgjhxn,1、（果子）初结；2、（开始）牵藤；
󳆿,117,󳝅,5,pjhdxm,（花生）
󳇀,123,󳝅,5,pghhhxm,优惠
󳇁,126,󳝅,5,pjyqxn,撮（灰）
󳇂,162,󳝅,5,pgjthxz,（老鼠、耗子）
󳇃,165,󳝅,5,pgjthxn,想、思考、思索
󳇄,221,󳝅,5,pkgxn,有益
󳇅,231,󳝅,5,pjhuxm,（坟墓）
󳇆,241,󳝅,5,pyjthxn,寡（鸡蛋）
󳇇,244,󳝅,5,phhhuxn,唤（牲畜）
󳇈,248,󳝅,5,pggjxn,过分
󳇉,251,󳝅,5,phgqgxc,侍从（古语）
󳇊,267,󳝅,5,pjvgxn,叽叽喳喳（叫声）
󳇋,314,󳝅,5,pfgyxn,砚（台）
󳇌,302,󳝅,5,pggjxn,觉（量词）
󳇍,325,󳝅,5,phgguxn,赡养、供养、抚养
󳇎,327,󳝅,5,pggvhxn,行、走
󳇏,346,󳝅,5,phfgxc,1、国；2、（天）空；
󳇐,356,󳝅,5,pkoxm,鱼
󳇑,367,󳝅,5,pjogxm,（象声词）
󳇒,380,󳝅,5,pgjhxc,饿
󳇓,381,󳝅,5,pjpjgxn,（薄荷）
󳇔,55,󳝅,6,phghghxz,1、锣；2、（人熊）；
󳇕,79,󳝅,6,phyiouxz,（木板的）节巴眼
󳇖,112,󳝅,6,pghguhxn,带（东西）
󳇗,127,󳝅,6,phjphjxm,（牛）斗架
󳇘,130,󳝅,6,pphfhxz,1、（十字镐）；2、（达体舞）；
󳇙,164,󳝅,6,pgkhxn,1、炉（名词）；2、炉（量词）；
󳇚,165,󳝅,6,pjgjxv,（猪）拱
󳇛,175,󳝅,6,pggghhxn,眼、孔
󳇜,177,󳝅,6,pghughxn,髓
󳇝,185,󳝅,6,phhgghxz,晒（太阳）
󳇞,190,󳝅,6,pgjghxn,传（种）
󳇟,207,󳝅,6,ppppppxn,满（使动）
󳇠,236,󳝅,6,phghghxm,车
󳇡,249,󳝅,6,phggggxz,1、查；2、察；
󳇢,295,󳝅,6,pghhhyxn,（象声词）（跑步脚踏声音）
󳇣,288,󳝅,6,pyffxn,（阴茎）
󳇤,300,󳝅,6,phghhgxc,视（视察、观察、查看、参观、浏览）
󳇥,351,󳝅,6,pjgggxz,（1、撒遍；2、普及；）
󳇦,355,󳝅,6,pghjhxn,（1、茨菇；2、山药；）
󳇧,355,󳝅,6,pghjhxn,浊气
󳇨,357,󳝅,6,pkogxn,（往嘴里）灌
󳇩,357,󳝅,6,pjgjxc,（山楂）
󳇪,364,󳝅,6,pphtthxc,（部分竹制用具）、簸（箕）
󳇫,375,󳝅,6,pghiogxn,（呃，语气词）
󳇬,52,󳝅,7,pghhghdxm,闭（眼）
󳇭,172,󳝅,7,pkgghxm,捏
󳇮,204,󳝅,7,pghgjhxn,（1、懒惰；2、困倦；）
󳇯,223,󳝅,7,ppgkgxn,（往孔里）捅
󳇰,374,󳝅,7,pghyiogxn,（稍微）
󳇱,386,󳝅,7,pghggggxc,（腐）朽
󳇲,188,󳝅,8,pkhkxn,（小步地）走
󳇳,222,󳝅,8,ghphioghxn,摔跤
󳇴,224,󳝅,8,ppgkppxz,砸
󳇵,190,󳝅,10,ghphghghghxz,（风）流、风骚
󳇶,60,󳝅,12,pjhpjhpjhxn,细
󳇷,220,󳝅,13,phghghphghghxm,流、淌（泪）
󳇸,25,󳝆,1,hxm,瓶、壶
󳇹,310,󳝆,1,hxz,1、水；2、汤；3、河流；
󳇺,80,󳝆,2,hfxz,骑（使动）
󳇻,109,󳝆,2,hhxc,漏（雨）
󳇼,112,󳝆,2,dhxn,1、渴；2、（水烧）干；
󳇽,127,󳝆,2,hgxz,紧挨着
󳇾,192,󳝆,2,ggxn,（礼里，彝族家支名）
󳇿,211,󳝆,2,ggxb,烫
󳈀,214,󳝆,2,hgxm,边、面（方位词）
󳈁,308,󳝆,2,hdxm,又
󳈂,310,󳝆,2,hgxz,（全部）
󳈃,310,󳝆,2,hyxn,1、流传；2、（讥笑）；
󳈄,311,󳝆,2,hhxn,（越、愈）
󳈅,340,󳝆,2,hgxc,（姊妹、妹妹、姐妹）
󳈆,4,󳝆,3,hyuxn,蚌
󳈇,20,󳝆,3,hggxn,（咂酒）
󳈈,21,󳝆,3,hphxn,桩、件（峨山彝语）
󳈉,28,󳝆,3,humxn,潮（水）
󳈊,33,󳝆,3,htexz,（螃蟹）
󳈋,34,󳝆,3,huhxn,（衣服、毡子）
󳈌,37,󳝆,3,hyhxn,（用牛羊角做的）号角
󳈍,95,󳝆,3,ghhxn,涩
󳈎,115,󳝆,3,hfxm,1、气；2、清气；
󳈏,124,󳝆,3,gjxb,锈
󳈐,127,󳝆,3,hhfxv,（女子对家庭中兄和弟的总称）
󳈑,161,󳝆,3,hhgxn,的（东西）
󳈒,188,󳝆,3,hhhxz,芹（（野生）水芹菜）
󳈓,204,󳝆,3,hjxb,（语气词（走路笨拙不灵便的样子））
󳈔,207,󳝆,3,hipxm,荡漾
󳈕,210,󳝆,3,hghxm,（让别人知道），使听，使看；
󳈖,212,󳝆,3,hthxz,变（变成、变掉）
󳈗,219,󳝆,3,hggxn,（象声词（连珠炮式的（快快的）说话））
󳈘,227,󳝆,3,gjxb,1、煮；2、（米粥、稀饭）；
󳈙,238,󳝆,3,hdhxc,1、血缘；2、种（马种）；
󳈚,272,󳝆,3,hffxm,（蔬）菜
󳈛,298,󳝆,3,hghxv,1、摩（擦）；2、磨（牙齿）；
󳈜,309,󳝆,3,hhuxn,（巴豆）
󳈝,313,󳝆,3,hjxn,（液体）漏
󳈞,349,󳝆,3,hhdxm,芽
󳈟,355,󳝆,3,hhhxm,藕、莲
󳈠,381,󳝆,3,hghxm,（根源）
󳈡,383,󳝆,3,hghxn,1、响；2、（（1）反响；（2）、报复、报仇、报应；（3）纠缠；）
󳈢,389,󳝆,3,hjxn,染（布）
󳈣,16,󳝆,4,ghhhxb,（浪费）
󳈤,22,󳝆,4,hpjxn,（贪污）
󳈥,84,󳝆,4,hgjxm,（（1）涌泉；（2）洪水；（3）瀑布）
󳈦,90,󳝆,4,hhhhhhxc,葛（根）
󳈧,126,󳝆,4,hghhxz,浸、泡
󳈨,125,󳝆,4,hghhxv,（油）腻
󳈩,128,󳝆,4,hghhxv,1、商量、商议；2、（伴侣、夫妻）；
󳈪,129,󳝆,4,hghhxc,田
󳈫,153,󳝆,4,gjhxn,浑浊
󳈬,158,󳝆,4,hythxz,（葱籽）
󳈭,159,󳝆,4,hgjxz,棍、棒
󳈮,163,󳝆,4,hjgxz,根据、依据、理由
󳈯,181,󳝆,4,hghhxn,潮湿、滋润
󳈰,194,󳝆,4,hghhxz,（词缀）（红彤彤）
󳈱,196,󳝆,4,gjgxb,（断定）
󳈲,213,󳝆,4,ghhtxb,（水）溅
󳈳,211,󳝆,4,hfjxn,泥泞（ning）
󳈴,230,󳝆,4,hhjxc,露（水）
󳈵,283,󳝆,4,ghghxc,（打一）顿
󳈶,313,󳝆,4,hghgxm,流
󳈷,333,󳝆,4,hqfxn,（象声词）（放声大笑）
󳈸,365,󳝆,4,hkxn,浇（水）、洒（水）
󳈹,365,󳝆,4,hhghxn,带（路）
󳈺,27,󳝆,5,hggjxn,1、丛、蓬；2、（喳蓬蓬（形容树木枝叶繁茂））；
󳈻,67,󳝆,5,hffxm,（鸡蛋、卵）
󳈼,255,󳝆,5,hukxn,捂（食物）
󳈽,310,󳝆,5,hhpppxn,油
󳈾,374,󳝆,5,hjjxv,内弟（妻弟）
󳈿,50,󳝆,6,hgjjxc,（熟）油
󳉀,333,󳝆,6,hjvfxn,（寿）龄
󳉁,370,󳝆,6,hjgjxv,很
󳉂,218,󳝆,8,hgjkhxn,乱（世道乱，指起义，造反、匪患等）
󳉃,2,󳝇,2,zixv,（荨麻）
󳉄,32,󳝇,2,zexv,1、（野）鸭；2、（鸳鸯）；
󳉅,41,󳝇,2,zpxv,1、（水）流；2、流（眼泪）；
󳉆,42,󳝇,2,zqxv,漂浮
󳉇,42,󳝇,2,zgxc,游（泳）
󳉈,62,󳝇,2,zpxz,麻（线、布）
󳉉,193,󳝇,2,zmxv,（（1）沸腾；（2）波浪；）
󳉊,255,󳝇,2,zdxv,1、倒（水）；2、斟（酒）；
󳉋,347,󳝇,2,zhxz,1、涉（水）；2、（津梁，天地津梁断（见《西南彝志》））；
󳉌,32,󳝇,3,zjxv,（茨菇）
󳉍,33,󳝇,3,zphxv,1、（芝麻）；2、（柿子）；
󳉎,69,󳝇,3,zyyxz,锈
󳉏,70,󳝇,3,zjxc,1、（猫）抓；2、刨；
󳉐,265,󳝇,3,zhhxc,骟（山羊）；阉（鸡）
󳉑,275,󳝇,3,zfgxc,1、（布壳）；2、粘（粘布壳）；
󳉒,374,󳝇,3,zghxc,（议论）
󳉓,383,󳝇,3,zghxb,（现在）
󳉔,73,󳝇,4,gthzxv,（恐惧）
󳉕,88,󳝇,4,zkxn,滤（水）
󳉖,163,󳝇,4,zghgxb,潭（水井）
󳉗,244,󳝇,4,zhgqxz,（把食物放在锅里略微煮一下就拿出来）
󳉘,374,󳝇,4,zkxz,熊
󳉙,382,󳝇,4,zghgxn,（水）淹没、浸泡
󳉚,73,󳝇,5,gkzxv,扒（拢）
󳉛,125,󳝇,5,zpghgxn,尿
󳉜,307,󳝇,6,zpghghxn,血
󳉝,18,󳝈,2,lhxb,慢
󳉞,84,󳝈,2,ldxv,1、坛（名、量词）；2、（深潭）；
󳉟,15,󳝈,3,lghxz,1、渣、豆渣；2、汤中的菜；3、干的（与稀相对）；
󳉠,74,󳝈,3,lghxc,挑、担、扛
󳉡,84,󳝈,3,lghxv,训练
󳉢,141,󳝈,3,lpgxb,淬（火）
󳉣,173,󳝈,3,ljxv,黏糊糊（食物腐烂后的状况）
󳉤,243,󳝈,3,pghxc,由、依
󳉥,308,󳝈,3,ljxz,花（色）
󳉦,77,󳝈,4,zmfxn,改、修改
󳉧,,,,lthdxn,摔
󳉨,348,󳝈,4,ldxb,那
󳉩,348,󳝈,4,lhfxn,稳
󳉪,341,󳝈,5,lgkxn,清澈、清晰
󳉫,381,󳝈,5,lfhtxv,（牛）滚（水）
󳉬,125,󳝉,2,lgxc,折损、折耗
󳉭,313,󳝉,2,sgxz,赎（回）
󳉮,320,󳝉,3,sphxz,（消瘦）
󳉯,319,󳝉,5,hffxv,（咽下）
󳉰,307,󳉰,1,zxz,彩虹
󳉱,33,󳉰,2,zexn,1、（银杏；2、（苤（pie）蓝）；
󳉲,88,󳉰,2,zhxn,（小而尖的鼻子）
󳉳,226,󳉰,2,zhxz,1、绳索；2、（柞桥（竹索桥））；
󳉴,217,󳉰,3,zggxz,破、坏
󳉵,366,󳉰,3,zjxz,（一串串）
󳉶,64,󳝊,2,ldxz,嘱咐
󳉷,78,󳝊,2,lgxn,（口水）
󳉸,191,󳝊,2,lgxz,（毛驴）
󳉹,267,󳝊,2,lhxz,（排行第七）
󳉺,19,󳝊,3,lhgxz,（水）溅
󳉻,33,󳝊,3,lghxc,1、落、掉；2、（柏雅妥洪，今四川古蔺，为古代彝族且兰地方政权所在地）；
󳉼,167,󳝊,3,lhgxc,1、挖（洞）；2、开（口）；
󳉽,319,󳝊,3,ljxc,（虎）啸
󳉾,72,󳝊,4,lgvvxn,1、横；2、歪、斜；
󳉿,148,󳝊,4,lfgxn,台阶
󳊀,149,󳝊,4,lfvxn,（年）纪
󳊁,252,󳝊,4,lglxn,召集
󳊂,49,󳝊,6,lhggggxv,（土）壤
󳊃,210,󳝊,6,lghjhxn,（翁宅，彝族祭祀祖宗时建的灵房）
󳊄,214,󳝊,6,lfvfxn,管、管理
󳊅,17,󳝋,1,lxz,1、祖妣（bi）（女祖先）；2、（皮聂，彝族先民中最早出现的第二君王）；
󳊆,55,󳝋,2,lpxc,1、乞求、乞讨；2、祈祷、祈求；
󳊇,161,󳝋,2,lhgxn,（外面）
󳊈,171,󳝋,2,lhxz,（娃娃鸡）
󳊉,272,󳝋,2,ltxn,（鳝鱼）
󳊊,294,󳝋,2,lpxn,贫瘠
󳊋,368,󳝋,2,lhxc,（用风箱）杨
󳊌,379,󳝋,2,luxz,1、今；2、（词头）；
󳊍,18,󳝋,3,lggxn,叠、折
󳊎,22,󳝋,3,ljxc,1、叶子；2、片（量词）；
󳊏,29,󳝋,3,lghxn,（天花）
󳊐,275,󳝋,3,ljxv,边、面
󳊑,277,󳝋,3,lgvxn,（盖房用的（篾笆））
󳊒,316,󳝋,3,lhuxz,合适
󳊓,332,󳝋,3,lfxv,（连接在一起）
󳊔,19,󳝋,4,lghgxz,吐（口水）
󳊕,97,󳝋,4,lghgxn,1、（人的）关系；2、（坝子伯尼、人名、古代一位著名的毕摩）；
󳊖,123,󳝋,4,lkxv,1、（老表）；2、（儿媳妇、外甥女）；
󳊗,171,󳝋,5,lggggxn,你的
󳊘,263,󳝌,1,axz,（脚）崴
󳊙,158,󳝌,2,apxz,踪迹
󳊚,160,󳝌,2,ahpxn,（蚂蚱、蚱蜢）
󳊛,32,󳝌,3,ajxc,鸭子
󳊜,50,󳝌,3,ahpxn,1、呢（亲近）；2、呢（语气助词）；
󳊝,55,󳝌,3,aghxc,妈妈
󳊞,107,󳝌,3,ajxn,剩
󳊟,238,󳝌,3,ayuxz,种类
󳊠,239,󳝌,3,ayhxv,窝棚
󳊡,34,󳝌,4,afdxm,1、（相）依；2、（想念、挂念）；
󳊢,54,󳝌,4,aghdxm,1、梦（名词）；2、做梦；3、（阿迷、古称阿迷州、即云南开远市）；
󳊣,35,󳝌,6,afvghxm,（1、婚配；2、（巴第赫吐，彝语贵州威宁草海）；）
󳊤,126,󳝌,7,ajujyxn,叠
󳊥,19,󳝍,3,ahgxz,（恶心）呕吐
󳊦,90,󳝍,3,ahxv,蜻蜓
󳊧,347,󳝍,3,agjxn,鹤
󳊨,382,󳝍,3,aghxn,进展快
󳊩,200,󳝎,2,shxc,（菠萝）
󳊪,280,󳝎,2,ssxm,1、捂（嘴）；2、掩（耳）；
󳊫,17,󳝎,3,lfxc,干瘪（指植物果实）
󳊬,59,󳝎,3,sgjxz,（臭虫）
󳊭,78,󳝎,3,sghxz,（哭丧棍（孝棍））
󳊮,146,󳝎,3,shgxz,1、开创；2、开垦；
󳊯,195,󳝎,3,sghxm,1、晚熟（作物）；2、蔗（妻）、后（妻）；
󳊰,205,󳝎,3,sjxc,（晃荡）
󳊱,209,󳝎,3,sghxm,1、亲吻；2、（象声词、吻小孩发出的声音）；
󳊲,209,󳝎,3,sghxm,1、（花）瓣；2、瓣（量词）；
󳊳,264,󳝎,3,sfxz,猎
󳊴,94,󳝎,4,shqhxv,（斜）砍、割
󳊵,103,󳝎,4,sgjxm,1、副（量词）；2、张（量词）；
󳊶,116,󳝎,4,shhhxm,1、族（人）；2、者（人）；
󳊷,138,󳝎,4,sghhxm,套（动词）
󳊸,145,󳝎,4,syhgxv,（出殡）
󳊹,145,󳝎,5,sjqhxv,底
󳊺,204,󳝎,5,shhdxm,（泥鳅）
󳊻,212,󳝎,5,sgdxm,（眼、脸、脉搏、肌肉等）颤动、跳动
󳊼,236,󳝎,5,shgdxz,1、折（断）、掰（断）；2、（实楚、人名、彝族最早出现的毕摩）；
󳊽,58,󳝎,6,sfsfxm,（眉毛）
󳊾,98,󳝎,6,shigogxm,（螃蟹）
󳊿,224,󳝎,7,sgghghgxn,（蟑螂）
󳋀,364,󳝎,7,shjqjxz,送
󳋁,60,󳝎,8,shshjjxm,（壁虎）
󳋂,374,󳝎,9,sjjkxn,（洱海）
󳋃,13,󳝏,2,qhxz,（白面狐）
󳋄,30,󳝏,2,qtxv,1、起始；2、（布、默，彝族六祖的第五、第六支系的名称）；
󳋅,43,󳝏,2,qhxn,（盖房用的（篾笆））
󳋆,43,󳝏,2,qqxn,（幽默、风趣、诙谐）
󳋇,71,󳝏,2,qdxv,1、衣服；2、穿（衣服）；
󳋈,129,󳝏,2,qfxz,（娶妻）
󳋉,249,󳝏,2,qjxn,幅（量词）（一幅（丈）布）
󳋊,280,󳝏,2,qhxn,（沸水蒸汽）
󳋋,372,󳝏,2,qgxv,（古）今
󳋌,390,󳝏,2,qdxn,叫
󳋍,34,󳝏,3,qshxc,1、小；2、（词尾）；
󳋎,37,󳝏,3,qgmxn,和睦
󳋏,37,󳝏,3,qpqxn,1、口（量词）；2、顶（量词）；3、把；
󳋐,38,󳝏,3,qjtxn,（肩）膀
󳋑,39,󳝏,3,qhgxv,（毛发蓬松）
󳋒,139,󳝏,3,qghxv,兜
󳋓,157,󳝏,3,qpqxn,补（载、种）
󳋔,165,󳝏,3,qhgxm,捶
󳋕,176,󳝏,3,qhgxv,滴（量词）
󳋖,188,󳝏,3,qyhxz,调换
󳋗,201,󳝏,3,qfxn,（重叠词缀）（圆溜溜）
󳋘,205,󳝏,3,qgjxn,1、脱；2、卸；3、（说话伤人）；
󳋙,309,󳝏,3,qphxc,因（为）
󳋚,309,󳝏,3,qyhxc,（形容词缀）（青幽幽）
󳋛,216,󳝏,3,qqqxc,遍（地、野）
󳋜,223,󳝏,3,qghxn,懒
󳋝,344,󳝏,3,qdhxz,1、披；2、穿（衣）；
󳋞,351,󳝏,3,qqhxz,寻找
󳋟,356,󳝏,3,qghxz,（语气词）啊、吧
󳋠,385,󳝏,3,qphxn,张（口）
󳋡,387,󳝏,3,qhgxn,（薄荷）
󳋢,388,󳝏,3,qhpxn,养育
󳋣,390,󳝏,3,qgdxn,摆谈
󳋤,12,󳝏,4,qyhyxn,1、块；2、穗；3、块、穗（量词）；
󳋥,25,󳝏,4,qfhxn,（瓦片）
󳋦,28,󳝏,4,qjfxv,旺盛
󳋧,38,󳝏,4,qhgqxn,生育
󳋨,54,󳝏,4,qhhgxn,熟
󳋩,67,󳝏,4,qjgxn,宰、杀（牛）
󳋪,80,󳝏,4,qkxn,度、°
󳋫,142,󳝏,4,qjhhhxn,（感觉）灵敏
󳋬,178,󳝏,4,qmjxn,冲
󳋭,204,󳝏,4,qjqxn,（蝌）蚪
󳋮,223,󳝏,4,qthhxn,1、（斜）砍；2、劈；
󳋯,270,󳝏,4,qqjxc,规（则）
󳋰,295,󳝏,4,qhhhxv,竖（直）
󳋱,314,󳝏,4,qfyxv,次、回、趟（做一回（次）、走一趟）
󳋲,331,󳝏,4,qfhxv,舞（名词、动词）
󳋳,353,󳝏,4,qkxz,修理
󳋴,353,󳝏,4,qfhxn,睡、死睡
󳋵,368,󳝏,4,qkxv,（一串串）
󳋶,384,󳝏,4,qjqxn,（重叠词缀）（浑浊）
󳋷,388,󳝏,4,qhghxn,奉养、赡养
󳋸,14,󳝏,5,qjghxn,（形容词缀）（光溜溜）
󳋹,62,󳝏,5,qhhppxn,含
󳋺,100,󳝏,5,qhkxn,（诱惑）
󳋻,104,󳝏,5,qkqxn,（窄而长条的形状）
󳋼,121,󳝏,5,qhhjhxn,（大霍麻）
󳋽,135,󳝏,5,qhthgxn,（摇摇摆摆）
󳋾,136,󳝏,5,qjjxn,箱（子）
󳋿,136,󳝏,5,qffxn,（勾引）
󳌀,145,󳝏,5,qkgxv,触、碰
󳌁,146,󳝏,5,qhtghxv,1、（大针地）缝；2、刺（杀）；
󳌂,149,󳝏,5,qjgjxn,（额）头
󳌃,247,󳝏,5,qththxn,只有
󳌄,267,󳝏,5,qhkxz,佩戴
󳌅,270,󳝏,5,qqkxz,蓑（衣）
󳌆,291,󳝏,5,qghthxn,（肮脏）
󳌇,328,󳝏,5,qkjxn,1、应；2、间；
󳌈,345,󳝏,5,qgkxn,（心灰意冷）
󳌉,348,󳝏,5,qffxv,（祈祷、祷告）
󳌊,366,󳝏,5,qkhxn,（词缀）（稀疏、稀拉）
󳌋,382,󳝏,5,qhgqgxn,（昏沉沉）
󳌌,385,󳝏,5,qyjhxn,鼾（han）
󳌍,388,󳝏,5,qhghhxn,饲养
󳌎,46,󳝏,6,qjjygxn,擞（sǒu）
󳌏,91,󳝏,6,qhgjhxn,批（量词）
󳌐,100,󳝏,6,qgghfxn,塞（动词）
󳌑,165,󳝏,6,qjjhxm,球类运动的统称
󳌒,199,󳝏,6,qhhgghxn,早熟（种子）
󳌓,204,󳝏,6,qjqjxn,（重叠词缀）（青幽幽）
󳌔,209,󳝏,6,qdhgghxn,（形容朗读或者叙述流利）
󳌕,259,󳝏,6,qhgjgxv,1、抹、涂；2、（麦芽糖）；
󳌖,287,󳝏,6,qthgjxn,创（建）
󳌗,291,󳝏,6,qkffxn,1、洁净；2、清洁；
󳌘,361,󳝏,6,qhhfhxn,1、抹（ma）；2、擦；
󳌙,385,󳝏,6,qhgkxn,（唢呐、里啦）
󳌚,386,󳝏,6,qggjhxn,（依靠）
󳌛,283,󳝏,7,qhghhghxn,1、（典章）；2、经典；3、（法则、法规）；2、（典故）；
󳌜,194,󳝏,8,qgjffxn,（重叠词缀）（红艳艳、红殷殷、红彤彤）
󳌝,377,󳝏,8,qjfpghxn,1、（懒惰）；2、（困倦）；
󳌞,62,󳝐,2,qhxn,1、母、女、阴（阳）；2、大；3、（武蒙舍，彝语古称蒙舍诏）；
󳌟,128,󳝐,2,qgxn,1、云；2、（点措博，彝语指点苍山）；2、（迭吐博，山名、相传古彝人实勺部族祭天、地、祖先之处）；
󳌠,165,󳝐,3,qjxz,（鲁岱、人名，笃慕第十代孙）
󳌡,183,󳝐,3,qqqxn,肋（骨）
󳌢,201,󳝐,3,qfxn,牛（古语）
󳌣,216,󳝐,3,qhhxn,配种（畜牲）
󳌤,343,󳝐,3,qgfxn,1、写；2、（字）
󳌥,38,󳝐,4,qghqxn,（刺）眼
󳌦,90,󳝐,4,qjhxn,请（客）
󳌧,110,󳝐,5,qfggxn,（疾病）流行
󳌨,146,󳝐,5,qkhxn,（骡子）
󳌩,250,󳝐,5,qghtgxn,1、轮流；2、（年）轮；
󳌪,250,󳝐,5,qhgtgxn,（可能、也许）
󳌫,37,󳝐,6,qggkxn,（富）有
󳌬,72,󳝐,6,qghqfxn,飘
󳌭,287,󳝐,7,qghjjxn,呼（吸）
󳌮,193,󳝐,8,qthhgghyxn,缠绕
󳌯,41,󳝑,2,euxn,过敏
󳌰,71,󳝑,2,efxn,飞翔
󳌱,74,󳝑,2,eyxn,菜
󳌲,111,󳝑,2,eyxn,1、芽；2、薹；
󳌳,193,󳝑,2,emxn,（词缀）（弹跳弹跳的）
󳌴,194,󳝑,2,egxn,被
󳌵,276,󳝑,2,egxn,传送
󳌶,326,󳝑,2,ewxn,（昆明）
󳌷,358,󳝑,2,ebxn,（罗汉松（滇名杉树））
󳌸,7,󳝑,3,epgxc,（糖的）前缀词素
󳌹,11,󳝑,3,efgxn,（碓）挡
󳌺,49,󳝑,3,egmxn,猫
󳌻,71,󳝑,3,vwvvxn,1、（刺）、（钉）；2、（菠萝）；
󳌼,74,󳝑,3,eugxc,（姐、丈夫、姐夫）
󳌽,108,󳝑,3,eggxb,（鼓起）挣
󳌾,139,󳝑,3,eghxn,（瓜）瓢
󳌿,154,󳝑,3,ephxc,胸
󳍀,160,󳝑,3,eggxn,（一项项）
󳍁,161,󳝑,3,egjxn,1、（世上、世界）；2、（阳世间）；
󳍂,190,󳝑,3,euhxn,1、通洞；2、（通道、推脱）；
󳍃,195,󳝑,3,eggxn,鸦（乌鸦）
󳍄,196,󳝑,3,egpxn,（水渡槽（涧槽））
󳍅,197,󳝑,3,eghxb,承包、承揽、包揽
󳍆,197,󳝑,3,eupxc,（挑箩）
󳍇,216,󳝑,3,eghxn,（逗笑）
󳍈,229,󳝑,3,ethxn,尖
󳍉,236,󳝑,3,ejhxn,（后面、后边）
󳍊,275,󳝑,3,gegxn,（蓟（ji））草（马齿苋（xiàn））
󳍋,282,󳝑,3,ehgxn,梗、硌（ge）
󳍌,282,󳝑,3,ehdxn,作对
󳍍,318,󳝑,3,efpxb,（美丽、漂亮）
󳍎,344,󳝑,3,esjxb,（干）罅（xià）
󳍏,361,󳝑,3,eumxn,划（破）
󳍐,379,󳝑,3,epvxn,蹒跚
󳍑,7,󳝑,4,eugjxn,（蘑菇、菌子）
󳍒,22,󳝑,4,epjxn,（双里的）只
󳍓,46,󳝑,4,efhxn,（月琴）
󳍔,71,󳝑,4,eyghxn,1、瞅（眼）；2、斜（眼）；
󳍕,81,󳝑,4,efhxn,（若干）
󳍖,107,󳝑,4,eghgxn,鹞（子）（雀鹰）
󳍗,125,󳝑,4,egffxn,（传说中的）神鹰
󳍘,154,󳝑,4,eggpxn,（睾丸）
󳍙,194,󳝑,4,ejgxn,呢（语气词表示疑问）
󳍚,198,󳝑,4,egffxb,（攀枝花（木棉））
󳍛,199,󳝑,4,eufxn,1、轻；2（价格便宜）；
󳍜,200,󳝑,4,egjxn,茶（古语）
󳍝,207,󳝑,4,eghhxn,（横）搭
󳍞,208,󳝑,4,edhfxb,（阔叶韭菜）
󳍟,247,󳝑,4,ehghxn,些、点
󳍠,261,󳝑,4,euuhxn,（麒麟）
󳍡,272,󳝑,4,etfgxc,（压）下
󳍢,293,󳝑,4,ehjxn,骂
󳍣,300,󳝑,4,egghxn,1、姑姑、姑妈；2、婆（媳）；
󳍤,318,󳝑,4,egthxn,（犹）如
󳍥,330,󳝑,4,epggxn,（河蚌）
󳍦,348,󳝑,4,ehhpxn,（瘦）
󳍧,361,󳝑,4,ejhxn,迎接
󳍨,364,󳝑,4,eggjxn,（活结）
󳍩,377,󳝑,4,etfhxc,（卧倒、卧下）
󳍪,27,󳝑,5,eygjxn,（囤箩）
󳍫,75,󳝑,5,egygoxm,（白面狐）
󳍬,77,󳝑,5,ehggdxm,（恐惧）
󳍭,115,󳝑,5,eukxn,1、（太……了。）；2、（莴苣（woju））；
󳍮,120,󳝑,5,eghhhxn,枣
󳍯,172,󳝑,5,effxv,1、丢失；2、消失；
󳍰,197,󳝑,5,efpghxb,（钩子）
󳍱,198,󳝑,5,egpghxn,贱（价格）
󳍲,203,󳝑,5,etffxc,（人体额下的软组织）
󳍳,227,󳝑,5,eufffxn,条、支、杆、股、把（量词）
󳍴,231,󳝑,5,ehgghxm,（砂锅）
󳍵,277,󳝑,5,eujhxn,泻
󳍶,278,󳝑,5,egjrxn,前（眼前、面前）
󳍷,283,󳝑,5,epjgxn,添、掺
󳍸,320,󳝑,5,efgjxb,（杏子）
󳍹,322,󳝑,5,ephhuxn,（斗殴）
󳍺,343,󳝑,5,eghthxn,（行动）
󳍻,359,󳝑,5,euvfxc,炎热
󳍼,35,󳝑,6,egghgdxm,（松明子）
󳍽,121,󳝑,6,egkgxn,掩盖
󳍾,145,󳝑,6,ehgfhxc,（芦苇）
󳍿,197,󳝑,6,eftffxb,（凉爽）
󳎀,197,󳝑,6,efhgghxn,结（尾）
󳎁,354,󳝑,6,ehgjhxn,寒
󳎂,358,󳝑,6,evhghhxn,（侦察）
󳎃,378,󳝑,6,epffxn,1、（瘌蛤蟆）；2、（蝌蚪）；
󳎄,379,󳝑,6,ehggghxn,（狐狸）
󳎅,87,󳝑,7,eghjrxn,（三菱草）
󳎆,92,󳝑,7,egpffxn,賨（cong）（旧时民间的储金会）
󳎇,297,󳝑,7,egththgxn,灾
󳎈,67,󳝑,8,etfjhggxn,镀（金银铜等）
󳎉,78,󳝑,8,egyfyfxn,（蟋蟀）
󳎊,200,󳝑,9,eufhffxn,（山茶）
󳎋,255,󳝒,1,sxz,1、蛇；2、巳（地支第六位）；
󳎌,32,󳝒,2,ssxm,落（在）、落（入）
󳎍,112,󳝒,2,svxv,脱（毛）
󳎎,130,󳝒,2,sgxb,（简单、容易、简易）
󳎏,167,󳝒,2,sjxv,争抢
󳎐,220,󳝒,2,sgxz,（失）落
󳎑,243,󳝒,2,sghxb,（另外）
󳎒,253,󳝒,2,sgxv,（踩）偏、虚
󳎓,261,󳝒,2,slxm,（香椿树）
󳎔,264,󳝒,2,sdxv,（和尚）
󳎕,265,󳝒,2,shxv,1、（实勺（古彝族一个部族名称））；2、（实楚，彝族中最早出现的毕摩）；3、（德施，六祖第十一世孙）；
󳎖,290,󳝒,2,sgxb,（平面）凸起
󳎗,343,󳝒,2,soxz,（远距离）
󳎘,384,󳝒,2,sgxz,（姑子（丈夫的姐妹））
󳎙,17,󳝒,3,sjxz,（好久）
󳎚,28,󳝒,3,sddxv,（枪、炮）
󳎛,32,󳝒,3,sjxm,袍（披袍）
󳎜,94,󳝒,3,sgkxz,忙
󳎝,173,󳝒,3,sfxv,明（年）
󳎞,209,󳝒,3,sqpxz,1、（清汤）；2、（寡鸡蛋）；
󳎟,260,󳝒,3,sgdxv,纺（线）
󳎠,292,󳝒,3,sghxv,缘故、原因
󳎡,315,󳝒,3,sthxm,1、漱（口）；2、吐（掉）；
󳎢,329,󳝒,3,sghxz,句
󳎣,342,󳝒,3,sjxz,乖
󳎤,350,󳝒,3,ssgxm,1、绾（wǎn）（绳子）；2、勒骟（牛）；
󳎥,384,󳝒,3,spgxv,（大声）吼、（起）哄
󳎦,27,󳝒,4,sjhxv,布
󳎧,35,󳝒,4,sijxv,（牛的）蜂巢胃
󳎨,126,󳝒,4,skxv,烙
󳎩,133,󳝒,4,sgjxv,注意
󳎪,140,󳝒,4,sjgxv,嚼（jiao）
󳎫,220,󳝒,4,sghgxz,朽
󳎬,229,󳝒,4,sdxv,钟
󳎭,231,󳝒,4,sdxz,收藏
󳎮,232,󳝒,4,shggxn,挂（使动）
󳎯,273,󳝒,4,sgthxv,1、（虚荣、好打扮）；2、（假装斯文）；
󳎰,285,󳝒,4,skxb,烧烤
󳎱,329,󳝒,4,sgjxz,1、秤（名词）；2、斤（量词）；
󳎲,368,󳝒,4,,重字
󳎳,55,󳝒,5,sfjxv,招赘、入赘
󳎴,213,󳝒,5,sdgxb,（翻脸）
󳎵,213,󳝒,6,sghhhhxv,洒
󳎶,359,󳝒,6,sjffxn,1、悬（空）；2、（摆额博，彝语指昆明西山）；
󳎷,261,󳝒,6,sghgghxn,1、（斯蜀，传说种的捉魂鬼）；2、祸；3、灾荒；
󳎸,222,󳝒,9,skhjjgxn,浆
󳎹,112,󳝓,2,vhxn,1、树；2、木（五行数）；2、木柴；
󳎺,265,󳝓,2,vpxc,（诽谤）
󳎻,358,󳝓,2,vvxz,语、言（古语）
󳎼,388,󳝓,2,vhxm,绿
󳎽,4,󳝓,3,vvgxn,飞舞
󳎾,10,󳝓,3,viixz,纬（线）
󳎿,71,󳝓,3,vvvxc,搓（绳子）
󳏀,111,󳝓,3,vghxn,补
󳏁,127,󳝓,3,vjhxn,1、抵触；2、撞；
󳏂,150,󳝓,3,vgvxn,（门）槛
󳏃,,,,vygxc,（故事）
󳏄,182,󳝓,3,vvvxn,雾
󳏅,243,󳝓,3,vvgxn,1、（建筑用的）木条；2、（阿左赤，古彝人的一支）；3、（阿左底，彝语称云南沾益、曲靖坝子）；
󳏆,282,󳝓,3,vuuxn,（喷水枪）
󳏇,371,󳝓,3,vpgxc,瓜（类）
󳏈,1,󳝓,4,vqqhxn,（形容词缀）
󳏉,16,󳝓,4,vghgxn,很（副词）
󳏊,87,󳝓,4,vpgvxn,闪亮
󳏋,92,󳝓,4,vfhxn,伞
󳏌,104,󳝓,4,vvhtxn,1、（刺）、（钉）；2、（菠萝）；
󳏍,186,󳝓,4,vghggxc,（娇气）
󳏎,332,󳝓,4,vhjxc,凝结
󳏏,362,󳝓,4,vghyxn,（人熊）
󳏐,28,󳝓,5,vpgjxn,（导火线）
󳏑,37,󳝓,5,vvdhhxn,1、（广阔）；2、（撮箕）；
󳏒,79,󳝓,5,vgkxn,催
󳏓,194,󳝓,5,vggggxb,高兴
󳏔,196,󳝓,5,vhgghxz,拥挤
󳏕,258,󳝓,5,vvvgxz,1、杉；2、松；3、（松明子）；
󳏖,387,󳝓,5,vhhphxn,凹陷
󳏗,336,󳝓,6,vhvhvhxn,燕
󳏘,382,󳝓,6,vhhgfxn,（出）丑、（丢）脸
󳏙,124,󳝔,2,wgxn,浆（衣服）
󳏚,202,󳝔,2,wpxn,（犬）吠
󳏛,223,󳝔,2,wwxn,狡猾
󳏜,266,󳝔,2,wuxn,（认真）
󳏝,371,󳝔,2,whxc,（俄索，人名，后传为彝族支系名、地名，汉文记载为乌撒，今威宁）
󳏞,385,󳝔,2,wfxn,混合、掺和
󳏟,388,󳝔,2,wmxn,（皮）革
󳏠,33,󳝔,3,whmxn,暴露
󳏡,39,󳝔,3,wvvxn,（刺竹）
󳏢,42,󳝔,3,wjmxn,（花（色）
󳏣,92,󳝔,3,wggxc,凑（在一起）
󳏤,110,󳝔,3,wgmxn,（婴儿皮肤褶皱处）发炎
󳏥,134,󳝔,3,wghxn,千
󳏦,161,󳝔,3,wyyxn,1、歹；2、憨、劣；
󳏧,248,󳝔,3,whhxc,耀（眼）、刺眼
󳏨,262,󳝔,3,whvxn,1、收（拾）；2、（实勺、古彝人的一个部族名）；
󳏩,284,󳝔,3,wghxn,1、（突然（死））；2、松鼠；
󳏪,286,󳝔,3,whyxn],揩、擦
󳏫,294,󳝔,3,wmvxn,（祛除、使干净）
󳏬,323,󳝔,3,wghxn,（虽然）
󳏭,352,󳝔,3,wyhxn,（头）屑
󳏮,12,󳝔,4,wythxn,（父系血缘相邻两辈间的）关系
󳏯,81,󳝔,4,wkxn,（狮子）
󳏰,109,󳝔,4,gggwxn,点（眼药水）
󳏱,219,󳝔,4,wghgxc,1、人（古语）；2、笃慕（人名，彝族”六祖“的父辈）
󳏲,346,󳝔,4,wgjxn,圆
󳏳,382,󳝔,4,wdfxb,攻打
󳏴,38,󳝔,5,wjgxn,（灶）
󳏵,81,󳝔,5,wghhhxn,（哪里）
󳏶,185,󳝔,5,wfjhxn,借
󳏷,120,󳝔,6,wthkxn,（笑嘻嘻）
󳏸,264,󳝔,6,wghgghxn,1、开始；2、太初；
󳏹,308,󳝔,6,whhkxn,炫示
󳏺,313,󳝔,6,wpppyxn,蓄
󳏻,29,󳝕,1,mxz,1、虫；2、蚕；3、（螃蟹）；
󳏼,256,󳝕,1,mxz,1、经（线）；2、牵（经线）；
󳏽,3,󳝕,2,mdxm,1、跳；2、动；
󳏾,242,󳝕,2,mmxn,扒
󳏿,255,󳝕,2,mgxn,孝敬（父母）
󳐀,378,󳝕,2,mgxn,捂（甜酒）
󳐁,21,󳝕,3,mogxm,膀
󳐂,42,󳝕,3,mgyxn,渡槽
󳐃,45,󳝕,3,mpwxn,1、（身肌）丰满；2、（丝瓜）；
󳐄,48,󳝕,3,mgwxn,嘛（语气词）
󳐅,50,󳝕,3,mfxn,地
󳐆,205,󳝕,3,mggxn,摘（菜，俗称讨菜）
󳐇,230,󳝕,3,mthxn,纠缠
󳐈,235,󳝕,3,mhyxn,1、棚；2、（戳嘎耄（mào），彝族红白喜事场种的事务总管）；
󳐉,290,󳝕,3,mthxn,封闭严实（多指房间）
󳐊,378,󳝕,3,mhgxn,抖（掉灰尘）
󳐋,21,󳝕,4,mthhxm,（同）情
󳐌,203,󳝕,4,mgjxn,了（时态助词、过去式）
󳐍,373,󳝕,4,mthfxn,（重叠词缀）
󳐎,378,󳝕,4,mpghxn,那
󳐏,27,󳝕,5,mygjxn,（花）盛开
󳐐,344,󳝕,5,mgkxn,麻木
󳐑,369,󳝕,6,mjpghxn,（麻疹、天花）
󳐒,53,󳝕,7,mddxn,1、靠拢；2、（跟随）；
󳐓,235,󳝕,7,mggggggxn,剃
󳐔,375,󳝕,7,mfgdxn,弈（弈人（与古濮人同见于彝文古书））
󳐕,161,󳝖,2,jjxn,狐（狸）
󳐖,379,󳝖,2,jyxn,茂（盛）
󳐗,343,󳝖,3,jhyxn,（果吉、彝族家支名）
󳐘,73,󳝗,2,zgxz,1、猪；2、亥（地支数）；
󳐙,253,󳝗,3,zghxc,1、楔（xie）子；2、加（楔子）；
󳐚,350,󳝗,4,zfgxc,1、直；2、正；
󳐛,16,󳝘,3,hhyxc,（不会产崽的母畜）
󳐜,73,󳝘,3,hhhxm,（豹、狼等）叫
󳐝,129,󳝘,3,hhfxz,居住治理
󳐞,189,󳝘,3,hhgxz,银子
󳐟,256,󳝘,3,hhmxn,长
󳐠,89,󳝘,4,hhhgxm,滗（挡住渣滓或泡着的东西，把液体到或舀出来）
󳐡,97,󳝘,4,hhgjxz,（陶瓷）
󳐢,105,󳝘,4,hhghxm,1、把（用具量词）；2、张（量词）；3、架；4、支；5、盏；
󳐣,202,󳝘,4,jhhhxz,蝶
󳐤,275,󳝘,4,hhpjxc,（形容个子矮小）
󳐥,73,󳝘,5,hhbhxn,护膝（古代打仗时作护腿用品）
󳐦,79,󳝘,5,hhjhxn,寸
󳐧,79,󳝘,5,hhkxn,节、关节
󳐨,96,󳝘,5,hhjthxv,（神位）
󳐩,105,󳝘,5,hhgfhxn,幢（zhuang）
󳐪,256,󳝘,5,hhgggxn,（奉养）
󳐫,256,󳝘,5,hhgjthxv,锣
󳐬,261,󳝘,5,hhghgxn,折磨
󳐭,333,󳝘,5,hhghgxn,（哪里）
󳐮,372,󳝘,5,hhfhxc,有
󳐯,48,󳝘,6,hhpghgxn,划（豆腐）
󳐰,48,󳝘,6,hhkmxn,1、盖；2、罩；
󳐱,72,󳝘,6,hhdhxz,祖灵
󳐲,140,󳝘,6,hhghghxn,归附
󳐳,326,󳝘,6,hhfjhxn,（物品、东西）
󳐴,67,󳝘,7,hhpffxc,灾难
󳐵,121,󳝘,7,hhgthhhxn,（昏沉沉）
󳐶,287,󳝘,7,hhthgjxn,铜
󳐷,375,󳝘,7,hhgphphxn,百合
󳐸,375,󳝘,7,hhfhhhxn,1、（母鸡）叫；2、呃（象声词）；
󳐹,154,󳝘,9,hhffgfxb,停止
󳐺,5,󳝙,3,hgjxc,匾
󳐻,27,󳝙,3,hgfxz,供养
󳐼,30,󳝙,3,hggxn,（快速）旋转
󳐽,65,󳝙,3,hgfxn,生意（古语）
󳐾,76,󳝙,3,hgpxc,（小腿肚）
󳐿,80,󳝙,3,hgmxn,（螳螂）
󳑀,80,󳝙,3,hgmxz,1、刁难；2、责难、责备；
󳑁,134,󳝙,3,hggxn,1、树立、建立；2、举；3、塑（像）；
󳑂,143,󳝙,3,hgyxc,别、莫、勿
󳑃,185,󳝙,3,hggxz,1、旧；2、古；3、庚（天干第七位）；
󳑄,185,󳝙,3,hggxz,（灰尘）
󳑅,246,󳝙,3,hghxz,牲畜
󳑆,264,󳝙,3,hgfxn,盖（名词）
󳑇,342,󳝙,3,hgpxn,揉、抟（tuán）、挼（ruó）
󳑈,366,󳝙,3,hgbxn,裙子
󳑉,58,󳝙,4,hggpxn,风箱
󳑊,58,󳝙,4,hgggxn,（瓢）
󳑋,62,󳝙,4,hgghxz,哑
󳑌,72,󳝙,4,hgghxn,买
󳑍,79,󳝙,4,hghgxn,堆砌
󳑎,85,󳝙,4,hghgxm,1、立（起）；2、竖（起）；
󳑏,138,󳝙,4,hgddxm,（导线架）
󳑐,139,󳝙,4,hggdxz,按
󳑑,178,󳝙,4,hghgxn,你们
󳑒,202,󳝙,4,jhhgxn,1、（花）朵；2、（木禄、彝语指云南弥勒县）；
󳑓,203,󳝙,4,hgghxz,（腮帮子）
󳑔,261,󳝙,4,hgehxn,（摇）摆
󳑕,267,󳝙,4,hgphxc,1、漆（名词）；2、漆（动词）；3、（烟屎（积留在旱烟杆里像漆一样的汁））；
󳑖,283,󳝙,4,hgggxz,回、次
󳑗,298,󳝙,4,hgfmxn,（梭子）
󳑘,292,󳝙,4,hggmxn,听到
󳑙,306,󳝙,4,hgthxz,我们
󳑚,327,󳝙,4,hghgxz,1、梳子（名词）；2、梳（动词）；
󳑛,332,󳝙,4,hggdxn,犁
󳑜,335,󳝙,4,hgggxn,瓢
󳑝,15,󳝙,5,hghggxn,含化
󳑞,66,󳝙,5,hgdghxn,（枋板）
󳑟,74,󳝙,5,hggqhxv,叔叔
󳑠,80,󳝙,5,hgghhxz,（驮魂马，（旧彝族祭死者，用以表示马“驮”其魂）；
󳑡,104,󳝙,5,hghgdxn,1、齐；2、理齐；
󳑢,108,󳝙,5,hgghgxc,呻吟
󳑣,151,󳝙,5,hggghxn,们（同志们）
󳑤,167,󳝙,5,hghqgxn,（侄子，侄儿）
󳑥,226,󳝙,5,hgghgxn,哄、骗
󳑦,251,󳝙,5,hgfhxz,相好
󳑧,257,󳝙,5,jhhghxn,扇（量词）
󳑨,283,󳝙,5,hggghxz,1、形态、状态；2、状况；
󳑩,283,󳝙,5,hggoixn,胎子（斗笠胎子）
󳑪,298,󳝙,5,hgjgxz,（解说）
󳑫,311,󳝙,5,hghggxc,烟草、香烟
󳑬,315,󳝙,5,hgjthxv,（曾祖）
󳑭,317,󳝙,5,hggfgxv,（怪味）
󳑮,329,󳝙,5,hghggxz,（身体）
󳑯,340,󳝙,5,hggfxb,娶（妻）
󳑰,357,󳝙,5,hggghxb,我们
󳑱,358,󳝙,5,hggghxn,1、观瞻；2、展望；
󳑲,367,󳝙,5,hgpghxn,（天麻）
󳑳,371,󳝙,5,hggyhxc,（有气无力、无精打采）
󳑴,373,󳝙,5,hgghhxc,切（片）
󳑵,374,󳝙,5,hgghyxn,（大仓）
󳑶,374,󳝙,5,hgghhxn,方便
󳑷,26,󳝙,6,hggqfxn,（水灯芯，一种草的土名）
󳑸,31,󳝙,6,hghgghxn,破
󳑹,62,󳝙,6,hghgjxc,（石头）
󳑺,69,󳝙,6,hghgghxn,嘶叫
󳑻,96,󳝙,6,hgjjxc,（慎重）
󳑼,151,󳝙,6,hggghhxn,（身材）矮小
󳑽,199,󳝙,6,hgghghxc,（秋千）
󳑾,201,󳝙,6,hgghghxn,石（dan）（容量）
󳑿,225,󳝙,6,hggghgxn,（出殡）
󳒀,315,󳝙,6,hggjthxv,剔、修剪
󳒁,373,󳝙,6,hgghghxn,1、繁（殖）；2、（额非明宗，人名，汉文古籍记作安胜祖，彝族罗甸水西最后一世君长）；
󳒂,374,󳝙,6,hgghthxn,次、第二
󳒃,19,󳝙,7,hgyyhhxn,（陶瓷、金属等）碎片
󳒄,163,󳝙,7,hggddxm,燃（烧）
󳒅,241,󳝙,7,hgtfkxc,（设陷阱猎鸟兽）
󳒆,253,󳝙,7,hgfqqgxz,昌（盛）
󳒇,322,󳝙,7,hghgkxc,勾连
󳒈,353,󳝙,7,hghgkxc,（陶瓷）
󳒉,62,󳝙,8,hghgffxc,颗（粒）
󳒊,145,󳝙,8,hghgfhgxn,消灭（古语）
󳒋,180,󳝙,8,hghffqxn,1、增加、增多；2、涨（饭）；
󳒌,322,󳝙,8,hgtfffxv,（天花）
󳒍,93,󳝙,9,hgfhgfgxn,窝（量词）（一窝豆子）
󳒎,123,󳝙,9,hgfyyhghxm,庙（火神庙）
󳒏,180,󳝙,9,hgfffgxz,（繁殖、繁衍）
󳒐,322,󳝙,11,hggtffffxv,鲜（花）
󳒑,383,󳝙,11,hghgffhghxz,（口袋、挎包）
󳒒,10,󳝚,4,ggghxz,1、（拳头）；2、（胳膊）；
󳒓,36,󳝚,4,ggjjxz,（篾箩（腰围大，口径小，编织精细的））
󳒔,103,󳝚,4,ggggxn,（男子汉、大丈夫）
󳒕,303,󳝚,6,gghgghxn,（唠）叨
󳒖,281,󳝛,3,ghsxz,咽喉
󳒗,33,󳝛,4,ghjxz,1、（篱笆）；2、（当面羞人）；
󳒘,54,󳝛,4,ghhgxc,空，闲
󳒙,80,󳝛,4,ghhxz,毛（虫）
󳒚,155,󳝛,4,ghhdxm,（犁辕（yuan））
󳒛,384,󳝛,4,ghjxc,（连枷（一种脱粒的农具））
󳒜,294,󳝛,9,ghgghgghgxn,（争吵）
󳒝,25,󳝜,3,tffxz,块
󳒞,76,󳝜,3,tfhxc,1、疯；2、（牲畜）发情；
󳒟,173,󳝜,3,tfgxz,1、少；2、（皮聂，（古人名，与赤芤（[kōu）同为彝族先民中出现的第二君王））；
󳒠,211,󳝜,3,tfdxc,1、（眼）昏花；2、视力衰退；
󳒡,10,󳝜,4,tfjgxz,嘣（象声词）
󳒢,157,󳝜,4,tfghxn,1、（屁股、臀部）；2、（尾椎）；3、（山地）；
󳒣,217,󳝜,4,tfggxv,撕裂
󳒤,250,󳝜,4,tfghxc,定（了）
󳒥,349,󳝜,4,tfghxv,嘎（做嘎，（祭祖，超度祖灵））
󳒦,58,󳝜,5,tfhhhxc,（犁板）
󳒧,170,󳝜,5,tfghhxz,（藿麻）
󳒨,322,󳝜,5,tfgjxz,（护寨神）
󳒩,338,󳝜,6,tfjghxc,1、染料；2、蓝靛；
󳒪,57,󳝜,8,tfdffxz,鬃（zong）（马鬃、猪鬃）
󳒫,108,󳝝,3,ghjxm,（裙脚）
󳒬,126,󳝝,3,ghhxv,（十）一
󳒭,219,󳝝,3,ghghxm,褪（色）
󳒮,252,󳝝,3,hdgxz,称呼
󳒯,269,󳝝,3,ghyxn,惧
󳒰,321,󳝝,3,ghjxn,1、加；2、配种；
󳒱,321,󳝝,3,ghpxv,（醋水）
󳒲,83,󳝝,4,ghghxn,插
󳒳,108,󳝝,4,ghhhxm,好看
󳒴,125,󳝝,4,ghhgxn,吐
󳒵,138,󳝝,4,ghugxn,（顶）替
󳒶,155,󳝝,4,ghhgxz,恶（心）
󳒷,170,󳝝,4,ghhfxz,（形容词缀）（沉甸甸）
󳒸,211,󳝝,4,ghghxb,越过
󳒹,245,󳝝,4,ghghxn,断
󳒺,248,󳝝,4,ghghxz,1、（基业）；2、（阿哲，人名、汉文献记载的济火，彝族六祖慕齐齐的第25世孙；又名彝族支系名）；
󳒻,249,󳝝,4,ghghxb,咂
󳒼,257,󳝝,4,gqghxz,羞
󳒽,363,󳝝,4,ghepxv,（骨头）的前加词素
󳒾,15,󳝝,5,ghgjxm,沾
󳒿,110,󳝝,5,ghihhxm,1、发髻；2、缨（子）；
󳓀,121,󳝝,5,ghkxn,老实、忠厚
󳓁,144,󳝝,5,ghkxv,（感谢）
󳓂,182,󳝝,5,ghpghxn,穗
󳓃,186,󳝝,5,ghgfxv,征讨、讨伐
󳓄,187,󳝝,5,ghjhdxn,脱（衣服）
󳓅,235,󳝝,5,ghhggxc,削
󳓆,237,󳝝,5,ghpghxv,迁徙
󳓇,337,󳝝,5,gphthxv,服
󳓈,13,󳝝,6,ghhghhxz,搜查、抄
󳓉,16,󳝝,6,ghghghxn,（生血菜（用猪、鸡血等的生血加盐、香料拌合生吃））
󳓊,182,󳝝,6,ghpgghxn,（收落的庄稼）
󳓋,337,󳝝,6,ghfjxz,（连枷（一种脱粒的农具））
󳓌,343,󳝝,6,ghghjxn,芸豆、金豆、四季豆
󳓍,97,󳝝,7,ghighghxm,1、骟（母畜）；2、（苦荞）；
󳓎,210,󳝝,7,ghjhohixn,（核）仁
󳓏,313,󳝝,7,ghhgghqxn,（下（颗粒状的）雪）
󳓐,217,󳝝,8,ghghghghxn,（鸟）鸣（清晰之声）
󳓑,374,󳝝,8,ghghghghxm,烙
󳓒,217,󳝝,9,ghpjghghxm,1、（口齿）清楚；2、说（古语）、开口；
󳓓,29,󳝞,3,thgxz,1、分散、散开；2、散乱；
󳓔,37,󳝞,3,thhxz,（晒谷场上翻粮食食用的）刮板
󳓕,41,󳝞,3,thdxc,缴获
󳓖,96,󳝞,3,thhxc,1、洗；2、淘;
󳓗,96,󳝞,3,thgxc,火药
󳓘,112,󳝞,3,thsxz,杀
󳓙,126,󳝞,3,thhxc,敲
󳓚,134,󳝞,3,thfxn,（秧鸡）
󳓛,141,󳝞,3,thjxm,明锐
󳓜,156,󳝞,3,thhxn,1、出；2、冒；3、暴露；
󳓝,184,󳝞,3,gthxn,扬（稻子、豆类）
󳓞,276,󳝞,3,thpxn,数落
󳓟,284,󳝞,3,pthxn,回应
󳓠,298,󳝞,3,thgxz,（箍、栓、捏、拉、捶）紧
󳓡,316,󳝞,3,thgxz,绕、绾（wan）
󳓢,332,󳝞,3,fthxn,1、线；2、丝；
󳓣,351,󳝞,3,thqxz,聘请
󳓤,25,󳝞,4,fthxn,1、板、片；2、牌；
󳓥,37,󳝞,4,thghxz,倍（数）
󳓦,45,󳝞,4,hthgxc,（轿子）
󳓧,57,󳝞,4,thhyxn,（衣襟）
󳓨,84,󳝞,4,thioxm,章节
󳓩,94,󳝞,4,thghxm,卡
󳓪,101,󳝞,4,thgyxz,（疾病（泛称））
󳓫,112,󳝞,4,thhgxc,1、（花）谢；2、（史派，彝语指云南石屏）；3、（派德，彝语指云南新平县）；
󳓬,112,󳝞,4,thhuxn,戳
󳓭,208,󳝞,4,thghxn,（闩）门
󳓮,259,󳝞,4,thghxz,（说话伤人）
󳓯,265,󳝞,4,pthpxn,（健壮）
󳓰,265,󳝞,4,thppxm,1、（蚂蚁）；2、地上拖竹竿之声；
󳓱,276,󳝞,4,thfxz,（汆（cuān）烫）
󳓲,317,󳝞,4,thggxn,1、自（己）；2、我；
󳓳,331,󳝞,4,thyhxn,1、抢；2、夺；
󳓴,363,󳝞,4,thgjxm,（枪）
󳓵,13,󳝞,5,thpgpxm,骟（牛、猪）
󳓶,38,󳝞,5,thgioxz,1、（盖头帕（妇女头饰）；2、（包茅，俗名扁竹叶，彝族祭祀时，将包茅插在灵位之前，酒洒于其上，以示祭献神灵，古称“包茅缩酒”）；
󳓷,44,󳝞,5,thgjxz,山
󳓸,70,󳝞,5,thgjxz,开（花）
󳓹,99,󳝞,5,thhggxn,1、（树）棵；2、茎、干；
󳓺,109,󳝞,5,ththgxn,管事、作主
󳓻,219,󳝞,5,thdghxn,喜欢
󳓼,128,󳝞,5,thgghxm,（傻眼）
󳓽,169,󳝞,5,thgghxn,争论、辩论
󳓾,172,󳝞,5,thhhhxz,（泥泞）
󳓿,172,󳝞,5,thhghxn,摔跤
󳔀,172,󳝞,5,thhghxn,勒
󳔁,186,󳝞,5,thgfxn,曾孙
󳔂,233,󳝞,5,ththgxz,抬
󳔃,254,󳝞,5,thggpxn,泪
󳔄,278,󳝞,5,thdfxn,（机器）
󳔅,326,󳝞,5,thfdxm,（纽襻）
󳔆,334,󳝞,5,thkxn,张（口）
󳔇,341,󳝞,5,ghthgxn,裂（开）
󳔈,362,󳝞,5,thgggxv,修（枝）
󳔉,372,󳝞,5,thghgxz,（凤凰）
󳔊,107,󳝞,6,hthghgxn,（花）蕾
󳔋,141,󳝞,6,thfjxz,败、输
󳔌,333,󳝞,6,thgthgxn,点（播）
󳔍,373,󳝞,6,thgjhxz,（心）神
󳔎,23,󳝞,7,thkfxn,檬（树名）（檬树，又名姜子树、柚栗子树）
󳔏,26,󳝞,7,thgthhhxz,壅（yōng）（土）（把土或肥料培在植物的根上）
󳔐,70,󳝞,7,thggghgxn,花
󳔑,297,󳝞,7,thgggggxv,敬爱
󳔒,373,󳝞,7,thfhthxv,紫红色
󳔓,44,󳝟,3,ghhxn,谢
󳔔,66,󳝟,3,ghdxz,（悄悄的）
󳔕,130,󳝟,3,ghjxn,（芋头）
󳔖,132,󳝟,3,ghpxn,喝（使动）
󳔗,138,󳝟,3,ghgxc,搁、放置
󳔘,243,󳝟,3,ghpxm,（家具、用具、器材）
󳔙,248,󳝟,3,ghfxz,撕、扯（羊毛等）
󳔚,277,󳝟,3,ghgxz,伤心
󳔛,295,󳝟,3,hhjxm,无能、丑陋
󳔜,319,󳝟,3,hhhxz,贵
󳔝,368,󳝟,3,ghyxn,（庆祝）
󳔞,30,󳝟,4,hhfxn,倒毛
󳔟,36,󳝟,4,ghghxn,背（孩子）
󳔠,61,󳝟,4,ghhgxz,逝世
󳔡,82,󳝟,4,hhggxz,接（受）
󳔢,130,󳝟,4,ghfxn,剪
󳔣,141,󳝟,4,hhhgxz,倒（使动）
󳔤,155,󳝟,4,hhhdxm,（哪里）
󳔥,156,󳝟,4,hhgfxz,（夭折）
󳔦,156,󳝟,4,hhhgxn,（（1）经常、天天；（2）哪天；）
󳔧,172,󳝟,4,ghppxm,1、燎；2、烧；
󳔨,238,󳝟,4,hhghxm,（早饭）
󳔩,239,󳝟,4,hhguxn,根
󳔪,261,󳝟,4,ghioxz,（拙脚笨手）
󳔫,261,󳝟,4,hhhhxm,伤、悲
󳔬,266,󳝟,4,ghhgxz,仗恃
󳔭,276,󳝟,4,ghfxz,（汆烫）
󳔮,283,󳝟,4,ghghxn,（马）匹（量词）
󳔯,290,󳝟,4,ghghxm,欢喜、高兴
󳔰,310,󳝟,4,ghhgxn,（虽然）
󳔱,336,󳝟,4,ghhdxm,孵出
󳔲,373,󳝟,4,ghjxz,擂
󳔳,34,󳝟,5,ghghgxz,爸爸、父亲、爹
󳔴,58,󳝟,5,ghgghxm,嫂子
󳔵,119,󳝟,5,hhgthxz,獾（huān）
󳔶,126,󳝟,5,ghgggxz,吊（着）
󳔷,187,󳝟,5,hhhdgxn,明亮
󳔸,211,󳝟,5,hhdxc,张开
󳔹,240,󳝟,5,hhgghxc,（晚餐）
󳔺,276,󳝟,5,ghgjxz,（禾）苗
󳔻,276,󳝟,5,ghkxn,穿、过
󳔼,334,󳝟,5,ghgjxz,（价格）贵
󳔽,334,󳝟,5,ghhhhxv,1、杠（自动）；2、扛（使动）；
󳔾,337,󳝟,5,ghhghxm,骂
󳔿,338,󳝟,5,ghghgxz,境、界
󳕀,339,󳝟,5,ghkxz,1、劝（说）；2、挽、留；
󳕁,345,󳝟,5,ghgjxm,吓跳
󳕂,16,󳝟,6,ghghghxn,（老实、忠厚）
󳕃,56,󳝟,6,ghihohxz,威（风）、威（势）
󳕄,152,󳝟,6,ghhgjxz,1、行、可以；2、（哩岱楼、地名，彝语指云南石林县城）；
󳕅,263,󳝟,6,ghhtghxv,扭（断）
󳕆,208,󳝟,6,hhghghxz,（空间垂直的）下面
󳕇,238,󳝟,6,hhhdxc,（昌盛、发展）
󳕈,238,󳝟,6,hhhghgxn,搬迁、迁（居）
󳕉,240,󳝟,6,hhhfgxm,稻（谷、米）
󳕊,281,󳝟,6,ghffxm,粗（大）
󳕋,336,󳝟,6,ghhghhxm,1、（牲畜）产崽；2、生（蛆）；
󳕌,389,󳝟,6,ghjrxz,（赶紧）
󳕍,32,󳝟,7,fhhghgxz,绊
󳕎,98,󳝟,7,ghghgggxz,剁
󳕏,216,󳝠,2,ghxz,1、剐、剥（皮）；2、刮；
󳕐,59,󳝠,3,ghfxn,1、刮（风）；2、风（流）；
󳕑,184,󳝠,3,gjxc,四（数词）
󳕒,371,󳝠,3,ghpxc,同、齐
󳕓,93,󳝠,4,ghghxm,冬
󳕔,77,󳝠,5,ghhhgxn,（（对神）祝告）
󳕕,293,󳝠,5,ghthhxn,乌（鸦）
󳕖,146,󳝡,2,gthxv,弹（动词）
󳕗,166,󳝡,2,gtfxv,挣、拼搏
󳕘,226,󳝡,3,gtqqxv,1、根源；2、（希幕遮，人名，汉文书中记作天皇）；
󳕙,296,󳝡,4,gtghghxv,虐待、折磨、整治
󳕚,351,󳝡,5,gtfjxv,撤除
󳕛,367,󳝡,5,grhghgxv,首、曲（量词）
󳕜,336,󳝡,7,gthtghthxv,1、灰尘；2、碱；3、凹；
󳕝,147,󳝢,2,hgxc,1、厚；2、稠密；
󳕞,29,󳝢,3,hgdxc,怀孕
󳕟,65,󳝢,3,hgdxz,摇（头）
󳕠,94,󳝢,3,hgqxc,1、热；2、暑；
󳕡,94,󳝢,3,hgfxc,急
󳕢,95,󳝢,3,hghgxc,捏
󳕣,203,󳝢,3,hggxc,围（墙）
󳕤,268,󳝢,3,hghxc,旋顶
󳕥,7,󳝢,4,hgyhxc,板结
󳕦,30,󳝢,4,hgvvxc,（陀螺）
󳕧,75,󳝢,4,hgvvxc,（坟墓）
󳕨,75,󳝢,4,hgjjxc,1、鸡（古语）；2、（飞）禽；3、（家）；
󳕩,136,󳝢,4,hgthxc,1、斗（名词）；2、斗（量词）；
󳕪,204,󳝢,4,hgghxc,1、个（量词）；2、（完全、全部）；
󳕫,228,󳝢,4,hgjxc,这
󳕬,299,󳝢,4,hghhxc,（半夏）
󳕭,345,󳝢,4,hgggxc,棺（材）
󳕮,345,󳝢,4,hgghxc,1、院（落）；2、园；3、（厅）堂；
󳕯,217,󳝢,5,hgjoxz,周（岁、年）
󳕰,228,󳝢,5,hghghxc,（周围）
󳕱,243,󳝢,5,hgkxc,1、剜（wan）；2、遍（量词）；
󳕲,346,󳝢,5,hgjgxc,1、营；2、扎（营）；
󳕳,346,󳝢,5,hggjxc,1、周围；2、轮（量词）；
󳕴,357,󳝢,5,hghfxc,瓦
󳕵,373,󳝢,5,hgfhxc,（砧板）
󳕶,384,󳝢,5,hghghxc,1、夜；2、（日期）；
󳕷,385,󳝢,5,hggjxc,（哨棚、窝棚）
󳕸,82,󳝢,6,hgfjxc,砖
󳕹,84,󳝢,6,hgjggxc,1、轮流；2、（村庄）；3、（“乐作”，彝族的一种舞蹈）；
󳕺,166,󳝢,6,hgfjxc,游逛、走串
󳕻,166,󳝢,6,hgjfxc,1、平整、铲平；2、（和平）；
󳕼,175,󳝢,6,hgjjxc,墨
󳕽,96,󳝢,7,hghffxc,（轻）舂
󳕾,156,󳝢,7,hgjgfxc,松、散
󳕿,375,󳝢,8,hgghhhhhxc,醉
󳖀,144,󳝣,3,hghxn,创（立、始）
󳖁,175,󳝣,3,hgfxz,黑
󳖂,188,󳝣,3,hgyxz,（形容词缀）（累累地）
󳖃,215,󳝣,3,hgjxn,奖赏、赏赐
󳖄,227,󳝣,3,hghxn,菜的词尾
󳖅,335,󳝣,3,hgsxz,扳
󳖆,388,󳝣,3,hggjxz,1、魂魄；2、鬼；3、（螳螂）；
󳖇,24,󳝣,4,hgtfxn,相遇
󳖈,48,󳝣,4,hghgxz,壶、瓶
󳖉,68,󳝣,4,hghvxn,（吩咐）
󳖊,80,󳝣,4,hgjjxn,（睫毛）
󳖋,84,󳝣,4,hgvhxz,撮（量词）
󳖌,98,󳝣,4,hgjxz,（唠叨）
󳖍,175,󳝣,4,hggfxz,深
󳖎,206,󳝣,4,hgthxn,救
󳖏,212,󳝣,4,hgdhxv,（时）刻
󳖐,212,󳝣,4,hgyxz,（眼睁睁）
󳖑,212,󳝣,4,hgghxn,（青木叶，彝族用以浇酒祭神）
󳖒,227,󳝣,4,hgjhxn,（形容嚼食物的动作）
󳖓,229,󳝣,4,hgjhxz,马桑（树）
󳖔,254,󳝣,4,hgffxz,（鲸鱼）
󳖕,255,󳝣,4,hgghxz,睡（使动）
󳖖,272,󳝣,4,hgghxc,生（火）
󳖗,280,󳝣,4,hgghxz,1、扇（子）；2、扇（风）；
󳖘,297,󳝣,4,hgjxz,想念、惦念
󳖙,312,󳝣,4,hggqxn,把、柄
󳖚,325,󳝣,4,hgfhxz,依靠
󳖛,329,󳝣,4,hgvvxz,1、（作）揖；2、祷告；
󳖜,349,󳝣,4,hghhxc,竭、尽
󳖝,353,󳝣,4,hgffxn,方面
󳖞,368,󳝣,4,hgggxz,呲（牙咧嘴）
󳖟,370,󳝣,4,hgjxz,1、南（方）；2、（慕阿卧，人名，“六祖”第四位）；
󳖠,371,󳝣,4,hgjxn,（昆明）
󳖡,7,󳝣,5,hgjhxn,（敬酒）
󳖢,42,󳝣,5,hgphhxn,（砂锅）
󳖣,75,󳝣,5,hghfxm,工
󳖤,119,󳝣,5,hgjvxn,（侍从）
󳖥,132,󳝣,5,hggthxn,级、阶
󳖦,134,󳝣,5,hgdthxn,号召、动员
󳖧,207,󳝣,5,hggghxz,（吊炕，农村中吊在楼底下，在火炉头上的炕架）
󳖨,241,󳝣,5,hgghhxv,铺（开）、展（开）
󳖩,298,󳝣,5,hgkxn,嚼
󳖪,337,󳝣,5,hgfjxn,穷困
󳖫,344,󳝣,5,hggjxn,空
󳖬,353,󳝣,5,hgkxz,嚼
󳖭,355,󳝣,5,hggftxb,呆
󳖮,362,󳝣,5,hgjgxz,梳理、理顺
󳖯,16,󳝣,6,hggfhxn,祖考（男祖先）
󳖰,60,󳝣,6,hggjjxn,臣
󳖱,61,󳝣,6,hgghhhxz,1、老；2、长；
󳖲,85,󳝣,6,hgkvxn,给吃
󳖳,92,󳝣,6,hggjgxn,迎亲（男家倒女家迎接新娘）
󳖴,109,󳝣,6,hgggjxn,1、鲁莽；2、过分；
󳖵,134,󳝣,6,hgjhhxn,1、放置；2、着、住（助词）；
󳖶,157,󳝣,6,hgjthxn,平
󳖷,202,󳝣,6,hgkgxn,丛林
󳖸,212,󳝣,6,hgghhhxz,（事情）糟糕、坏
󳖹,235,󳝣,6,hgvhvhxz,赶紧
󳖺,281,󳝣,6,hggjhxn,（人名用词，慕阿切，人名，六祖第二位，即乍支系始祖）
󳖻,311,󳝣,6,hgghioxz,（打仗）
󳖼,312,󳝣,6,hgjhgxn,茎、杆
󳖽,369,󳝣,6,hgfjxz,（那）里
󳖾,12,󳝣,7,hggjjjgxn,1、缸、桶；2、（专指）桶；3、（棺材）；
󳖿,61,󳝣,7,hggghjxz,（瞄准）
󳗀,61,󳝣,7,hgfjhxm,1、教；2、指导；
󳗁,124,󳝣,7,hgjvfxn,住（助词）
󳗂,164,󳝣,7,hggkhxn,结（果）
󳗃,166,󳝣,7,hgjfgxn,（用镰刀）割
󳗄,168,󳝣,7,hgjdhhxn,光秃
󳗅,296,󳝣,7,hgfffxc,1、（污染）；2、（青光眼）；
󳗆,299,󳝣,7,hghfhhhxc,（墨水）
󳗇,299,󳝣,7,hgjghhxn,温驯
󳗈,327,󳝣,7,hgjghkxn,（茶）罐
󳗉,377,󳝣,7,hgjqhgxn,（但是）
󳗊,238,󳝣,8,hgjgjgxn,1、（民）族；2、（亲戚）；
󳗋,254,󳝣,8,hgjvhghxn,运、递
󳗌,258,󳝣,8,hgjfhgxn,1、小麦；2（豌豆）；3、包谷；
󳗍,373,󳝣,8,hgfhvfxn,碾（nian）
󳗎,380,󳝣,8,hgghphphxn,家（养）
󳗏,254,󳝣,9,hgjfhghxn,泣
󳗐,290,󳝣,9,hggfhfhxn,（故事）
󳗑,198,󳝣,12,hgffhgffxn,（形容词）（满满尖尖）
󳗒,302,󳝣,14,hgjfhghfhghxn,哭
󳗓,1,󳝤,3,hggxz,分散（使动）
󳗔,6,󳝤,3,hgvxm,敌、仇（人）
󳗕,6,󳝤,3,hgfxz,想念、牵挂
󳗖,59,󳝤,3,hgqxz,吹（奏）、吹（火）、吹（胀）
󳗗,63,󳝤,3,hgoxm,扑（鸟、昆虫）
󳗘,111,󳝤,3,hgjxz,避
󳗙,113,󳝤,3,hgqxz,（砚台）
󳗚,169,󳝤,3,hgfxm,1、捆绑；2、捆（量词）；
󳗛,179,󳝤,3,hggxz,多
󳗜,187,󳝤,3,hgkxz,猛（大）
󳗝,244,󳝤,3,hgdxm,腰（杆）
󳗞,274,󳝤,3,hggxz,（象声词）（叽叽喳喳）
󳗟,284,󳝤,3,hggxz,声音
󳗠,330,󳝤,3,hgfxz,（准备、预备）
󳗡,339,󳝤,3,hggxz,舀、盛（cheng）
󳗢,5,󳝤,4,hggdxm,1、乳；2、哺乳；
󳗣,5,󳝤,4,hgghxm,1、搭配；2、合作；
󳗤,22,󳝤,4,hgkxn,派（动词）
󳗥,63,󳝤,4,hghhxm,（烟尘、扬尘、灰尘）
󳗦,74,󳝤,4,hgfxm,扒（pa）（饭吃）
󳗧,81,󳝤,4,hghhxm,酱
󳗨,85,󳝤,4,hghfxz,官
󳗩,99,󳝤,4,hgghxz,生（与熟相对）
󳗪,111,󳝤,4,hgthxz,捅
󳗫,123,󳝤,4,hghgxz,（轻轻的）
󳗬,130,󳝤,4,hggmxn,打（卦）、投掷（占卜）
󳗭,143,󳝤,4,dhggxm,滴（量词）
󳗮,155,󳝤,4,hgghxz,初（表示农历的某一天）
󳗯,160,󳝤,4,hgthxz,（衣）褊（bian）
󳗰,212,󳝤,4,hgjgxz,（半声半声的咳嗽）
󳗱,220,󳝤,4,hgqhxb,摄（像）、录（音）
󳗲,224,󳝤,4,hgffxz,（形容词缀）（黑压压）
󳗳,228,󳝤,4,hgggxc,玷污、污染
󳗴,229,󳝤,4,hgqqxz,1、吃（使动）；2、喂；
󳗵,268,󳝤,4,hghhxz,融化、溶化
󳗶,318,󳝤,4,hggjxz,往
󳗷,330,󳝤,4,hghdxm,1、（占）卜；2、（啄木鸟）；
󳗸,350,󳝤,4,hghqxz,超（越）
󳗹,352,󳝤,4,hggfxz,消、退
󳗺,355,󳝤,4,hghjxz,圣（圣人）
󳗻,363,󳝤,4,hgghxz,（嫉妒）
󳗼,375,󳝤,4,hghhxm,肾
󳗽,388,󳝤,4,hgfxz,1、禾（苗）；2、（蕨苔）；
󳗾,49,󳝤,5,hgghtxn,（轻）撒、敷、掩（粉末）
󳗿,70,󳝤,5,hgfhxz,扒（开）
󳘀,86,󳝤,5,hgjggxc,灵巧、乖巧
󳘁,123,󳝤,5,hghghxz,着，中
󳘂,142,󳝤,5,dhgggxm,上方
󳘃,157,󳝤,5,hggjxz,整（齐）
󳘄,160,󳝤,5,hggfxm,（衣）襟
󳘅,173,󳝤,5,hgfjxm,春
󳘆,175,󳝤,5,hgqhhxc,粑、馍、饼
󳘇,178,󳝤,5,hgghdxv,活计、工作
󳘈,194,󳝤,5,hggthxn,忧（心）
󳘉,204,󳝤,5,hgghjxm,裹、包
󳘊,208,󳝤,5,hghhuxz,阅（历），纵阅
󳘋,294,󳝤,5,hggjxz,触动
󳘌,318,󳝤,5,hgggdxm,梭（下）、滑（下）
󳘍,319,󳝤,5,hghghxm,偷懒
󳘎,352,󳝤,5,hgdxm,1、议论、2、交谈；
󳘏,359,󳝤,5,hgfvxm,蒸、焖
󳘐,377,󳝤,5,hgjgxz,馊
󳘑,359,󳝤,5,hghgfxz,1、是；2、为何；3、总是；4（是一种什么……）；
󳘒,14,󳝤,6,hgthghxz,调、拌
󳘓,24,󳝤,6,hgghggxz,脑盖
󳘔,35,󳝤,6,hgfghxm,（收庄稼掉落的）籽实
󳘕,35,󳝤,6,hgfogxm,比（比方）
󳘖,48,󳝤,6,hgghhhxz,文（1、文史；2、梅葛（楚雄唱的一种调子））
󳘗,56,󳝤,6,hggjdxm,（樟木树）
󳘘,58,󳝤,6,hggkxn,平静
󳘙,64,󳝤,6,hgghogxm,（挎包）
󳘚,129,󳝤,6,hghtthxm,1、臂；2、（形容）腹部突出；
󳘛,156,󳝤,6,hghgdhxz,1 戟（jǐ）；2（三叉矛）；
󳘜,229,󳝤,6,hgffxm,1、酿造；2、渥（表示沾湿）。
󳘝,237,󳝤,6,hgghghxn,刺绣
󳘞,240,󳝤,6,hgghhfxn,1、屎、大便；2、（肛门）；
󳘟,364,󳝤,6,hgghghxm,叹（气）
󳘠,364,󳝤,6,hgthhdxm,理（顺）、理（通）
󳘡,364,󳝤,6,hgthhhxm,豁（出）
󳘢,35,󳝤,7,hgghvghxm,1、帘子；3、编（帘子）；
󳘣,155,󳝤,7,hggghghxm,（腿跨）
󳘤,164,󳝤,7,hggtdxm,1、结合；2、（名份、身份）；
󳘥,220,󳝤,7,hgghhhxz,挣脱
󳘦,286,󳝤,7,hgjjhxm,1、集市、街、场；2、场（量词）；
󳘧,318,󳝤,7,hgdhjxm,由来
󳘨,60,󳝤,8,hgghffxm,（昏沉沉（指天气）
󳘩,164,󳝤,8,hgddxm,（责）怪
󳘪,216,󳝤,8,hghjghqxn,匆匆
󳘫,225,󳝤,8,hgghhgghxn,抢（亲）
󳘬,280,󳝤,9,hgdfgggxm, 辔（pèi）
󳘭,90,󳝥,2,fhgxz,（打）捞
󳘮,160,󳝥,2,ifhxm,（锤子）
󳘯,388,󳝥,2,fhqxm,必须
󳘰,389,󳝥,2,fhhxm,马（古语）
󳘱,152,󳝥,3,fhjxz,（圆木）筒（量词）
󳘲,254,󳝥,3,fhqqxz,丁（天干第四位）
󳘳,301,󳝥,3,fhggxm,1、霜、2、（冰）；
󳘴,190,󳝥,3,fhioxm,1、（大）袋子；2、（专指）皮口袋；
󳘵,61,󳝥,4,fhgjxm,（伤口）
󳘶,128,󳝥,4,fhghxm,（粗糙地）缝、撩
󳘷,132,󳝥,4,fhhgxz,毒（动词）
󳘸,134,󳝥,4,fhjgxz,勃起
󳘹,137,󳝥,4,fhthxz,放（野火）
󳘺,166,󳝥,4,fhgjxz,沉（底）
󳘻,254,󳝥,4,fhqqtxv,捆、扎、系
󳘼,387,󳝥,4,fhghhxz,1、（阿和略液，彝语指安宁河）；2、（合来伙普，彝语指锦屏山）；
󳘽,371,󳝥,5,fhffxm,颜面
󳘾,99,󳝥,6,fhigogxz,鼓
󳘿,107,󳝥,6,fhgggjxz,冲
󳙀,57,󳝥,8,fhghghghxn,（泡木树，五倍子树）
󳙁,24,󳝦,2,jhxz,（缩口）
󳙂,25,󳝦,3,jhhxm,1、癣（xuǎn）；2、生癣；
󳙃,57,󳝦,3,gjhxn,同（睡）、陪（睡）
󳙄,89,󳝦,3,jhgxz,锁
󳙅,90,󳝦,3,jhgxc,1、细；2、吝啬；3、卦名（且舍，彝语称离、坎二卦）；
󳙆,91,󳝦,3,jhfxz,（和谐、和蔼）
󳙇,130,󳝦,3,qjhxn,讨（债）
󳙈,145,󳝦,3,jhgxn,兴（礼节）
󳙉,165,󳝦,3,jhhxn,上方
󳙊,186,󳝦,3,jhfxn,（螳螂）
󳙋,187,󳝦,3,jhjxn,（吉利）
󳙌,218,󳝦,3,jhhxz,蜂
󳙍,239,󳝦,3,jhgxz,（锄头）
󳙎,285,󳝦,3,jhjxz,1、（情歌）；2、（唱情歌）；
󳙏,299,󳝦,3,jhixz,（混杂）
󳙐,351,󳝦,3,jhqxz,1、（青竹蛇）；2、（雄锦鸡）；
󳙑,6,󳝦,4,jhhhxn,连累
󳙒,28,󳝦,4,jhuhxc,（说话（讽刺））
󳙓,52,󳝦,4,jhjjxn,腌
󳙔,117,󳝦,4,jhhdxm,1、活；2、（嘎寺福，彝语指泸西县城）；
󳙕,141,󳝦,4,jhhtxv,1、（雾沉沉、霭漫漫）；2、（那么）
󳙖,146,󳝦,4,jhhgxz,1、制止；3、停、停息、休止；
󳙗,147,󳝦,4,jhdxz,刨（动词）
󳙘,147,󳝦,4,jhhfxz,雄性（专指狗）
󳙙,175,󳝦,4,jhydxm,（猫）
󳙚,187,󳝦,4,jhddxn,通头
󳙛,198,󳝦,4,jhppxn,1（中央、中间、中心）；2、（头顶；百会穴）；
󳙜,218,󳝦,4,jhhhxz,（词缀）（晴朗朗）
󳙝,219,󳝦,4,jhhhxn,模（模样、模型）
󳙞,250,󳝦,4,jhghxn,祝告（古语）
󳙟,251,󳝦,4,jhhhxn,1、被水冲；2、冲撞；
󳙠,252,󳝦,4,jhyqxb,嫩崽
󳙡,252,󳝦,4,jhpgxn,珠（子）
󳙢,252,󳝦,4,jhhgqxn,（拐杖）
󳙣,256,󳝦,4,jhhgxn,久
󳙤,305,󳝦,4,jhhdxm,（构皮树）
󳙥,346,󳝦,4,jhhgxz,聚（会）
󳙦,346,󳝦,4,jhuyxn,1、饱满；2、俊俏；
󳙧,130,󳝦,5,jhhgqxv,收（租）
󳙨,179,󳝦,5,jhjgxn,（骟过的绵羊）
󳙩,181,󳝦,5,jhgvkxn,猿（人）
󳙪,250,󳝦,5,jhhjxn,（荣华）
󳙫,346,󳝦,5,jhghgxnz,（戏弄、逗玩）
󳙬,12,󳝦,6,jhhgfxn,（乌）龟
󳙭,148,󳝦,6,jhjhgxn,（一种野果的名字）
󳙮,187,󳝦,6,jhhqghxv,祭
󳙯,250,󳝦,6,jhhohixn,（珍）珠
󳙰,251,󳝦,6,jhyfhxn,（妖魔鬼怪）
󳙱,251,󳝦,7,jhyhdxn,（柔荑花序（植物学上无限花序的一种））
󳙲,252,󳝦,7,jhhhwhhxn,装饰
󳙳,255,󳝦,7,jhhxz,哮（吼）
󳙴,179,󳝧,3,hhhxz,箭
󳙵,201,󳝧,3,ghvxc,（掼谷槽（收割稻谷时作脱粒的用具））
󳙶,215,󳝧,3,ghhxc,下（种）
󳙷,319,󳝧,3,ghgxz,合（容量）（量粮食的器具，容量是1合，方形或圆筒形，多用木头或竹筒制成。10勺等于1合，10合等于1升）
󳙸,82,󳝧,4,vhvhxm,连接、链接
󳙹,102,󳝧,4,vhggxm,凿
󳙺,151,󳝧,4,hhjxn,（不但……而且）
󳙻,155,󳝧,4,hhdgxm,（鸡）距（拐爪）
󳙼,6,󳝧,5,hhgghxm,扣
󳙽,56,󳝧,5,ghpghxn,（芒果）
󳙾,46,󳝧,5,ghhgfxn,（离开群体）
󳙿,117,󳝧,5,hhhhdxm,谁（人）
󳚀,134,󳝧,5,ghhghxn,挑拨
󳚁,289,󳝧,5,hhhhtxz,（规矩、礼仪、道理、章程、制度、原则）
󳚂,45,󳝧,6,hhghhgxm,（形容词缀）（红彤彤）
󳚃,106,󳝧,6,ghghfgxb,（山梁）
󳚄,60,󳝧,7,ghghghhxn,沉淀
󳚅,17,󳝨,2,lxz,（厦子（小屋檐））
󳚆,340,󳝨,3,dhxz,他（的）
󳚇,21,󳝨,4,djxc,（后天）
󳚈,113,󳝨,4,dfxc,（饭谷）
󳚉,137,󳝨,4,djgxn,撮
󳚊,190,󳝨,4,dgdxv,骄傲
󳚋,371,󳝨,4,djxz,1、（屎、尿、乳）急；2；（气愤）；
󳚌,271,󳝨,5,lhthxn,（黄瓜）
󳚍,368,󳝨,5,dhfxm,（香芝麻花，（一种野生植物），其花、叶子古时曾作茶用）
󳚎,138,󳝨,8,djdjxn,层
󳚏,314,󳝨,8,dfhfhxn,（榫头，制木竹等器物时，为使两块材料接合所特制的凸凹部分。凸出的叫榫头，凹下的叫榫眼。）
󳚐,177,󳝩,2,bxz,1、土（地）；2、（阿脑阿画，人名）；
󳚑,8,󳝩,3,bixm,包、扎
󳚒,66,󳝩,3,bfxm,放荡
󳚓,69,󳝩,3,bgxn,1、罪过；2、（案件、问题）；
󳚔,105,󳝩,3,bgxc,撞
󳚕,105,󳝩,3,bgxc,侧（身）
󳚖,136,󳝩,3,bhxm,（鸡胗）
󳚗,170,󳝩,3,bhxc,原野、坝子
󳚘,178,󳝩,3,bpxm,控告
󳚙,223,󳝩,3,bhxm,脓
󳚚,224,󳝩,3,bvxm,（光）华
󳚛,245,󳝩,3,bhxz,正直
󳚜,328,󳝩,3,bhxc,壳
󳚝,339,󳝩,3,bhxm,1、口；2、（祷告）；3、（案件、问题）；
󳚞,35,󳝩,4,bjxm,1、（木瓜）；2、（敷衍）；
󳚟,40,󳝩,4,bfxm,聋
󳚠,142,󳝩,4,bhugxn,他们、她们、它们
󳚡,160,󳝩,4,bggxz,翅（膀）
󳚢,176,󳝩,4,bhhxz,（牲畜的）膘
󳚣,224,󳝩,4,hgbxn,灵（气）
󳚤,226,󳝩,4,bfxc,（饭豆）
󳚥,244,󳝩,4,bjxc,山（冲）
󳚦,318,󳝩,4,bghxm,祝（词）
󳚧,328,󳝩,4,bhgxc,1、关（使动）；2、拘禁、禁闭；
󳚨,388,󳝩,4,bhhxm,1、（山岭）；2、（刀耕火种）；3、（威荣）；
󳚩,389,󳝩,4,bggxc,（珠子）
󳚪,177,󳝩,5,bghgxc,（磨石、石灰）
󳚫,206,󳝩,5,bfggxm,扳（手）
󳚬,244,󳝩,5,bjhxm,肯
󳚭,253,󳝩,5,bghgxn,杵（动词）
󳚮,282,󳝩,5,bthgxm,（月琴）
󳚯,170,󳝩,6,bjjxz,1、打扮；2、扮演；
󳚰,252,󳝩,6,bhyghxn,胖
󳚱,110,󳝩,7,bhhghxn,（葡萄）
󳚲,279,󳝩,7,bjjhxm,己（天干的第六位）
󳚳,286,󳝩,8,bjjghxm,1、圃；2、篱笆;3、栏；
󳚴,365,󳝩,8,bddxm,撒（撒遍、普及）
󳚵,379,󳝩,9,bpghhgghxn,埋葬
󳚶,7,󳝪,3,gyyxc,在场
󳚷,8,󳝪,3,gyvxc,1、（槟榔）；2、（菠萝）；
󳚸,8,󳝪,3,ugvxc,1、（埋怨）；2、（诉苦）；
󳚹,10,󳝪,3,ugexc,1、（哨子）；2、（空壳）；
󳚺,24,󳝪,3,ugfxz,（帮、伙）
󳚻,72,󳝪,3,ughxn,圆（形）
󳚼,263,󳝪,3,ugvxn,（水）獭（ta）
󳚽,274,󳝪,3,ugvxz,1、共同；2、（地名用词）；
󳚾,9,󳝪,4,gyioxc,（果子狸、獾（huan））
󳚿,10,󳝪,4,ugehxn,（手）套
󳛀,23,󳝪,4,yyghxc,1、酥、松脆（指食品）；2、松软；
󳛁,64,󳝪,4,gyyhxm,（摇摇摆摆）
󳛂,101,󳝪,4,ughwxn,（香肠）
󳛃,121,󳝪,4,ugfhxz,1、认（人、物）；2、承认；
󳛄,132,󳝪,4,ugthxn,先
󳛅,152,󳝪,4,ugyhxc,（猫头鹰）
󳛆,172,󳝪,4,yyjxz,泡（pao）（核桃）
󳛇,330,󳝪,4,ughhxz,（1、招赘；2、入赘）
󳛈,356,󳝪,4,yyjxc,1、薯类；2、（白薯）；
󳛉,376,󳝪,4,ihfxz,（肿）瘤
󳛊,28,󳝪,5,ugfhxc,（水泡）
󳛋,56,󳝪,5,ugjhxn,翁
󳛌,101,󳝪,5,uugoixz,1、（砖）模子、土坯；2、（犁坯）；
󳛍,356,󳝪,5,ufthxn,1、胸脯肉；2、（胸膛）；3、心窝骨；
󳛎,366,󳝪,5,ugthgxn,麝
󳛏,248,󳝪,6,ugiohgxn,（红茨莓）
󳛐,253,󳝪,6,ughghgxc,（食物、奶）积（食）
󳛑,335,󳝪,6,ughkxn,（口粮）
󳛒,271,󳝪,7,ugghgyyxn,（石膏）
󳛓,358,󳝪,7,ugjkxn,哀（乐、歌曲）
󳛔,374,󳝪,8,ugjhugjhxm,（（小声）抽泣）
󳛕,376,󳝪,10,ugfhugfhxm,嚎
󳛖,75,󳝫,3,cuxz,卖
󳛗,157,󳝫,3,chxz,了（le）
󳛘,23,󳝫,4,cthxn,解释
󳛙,84,󳝫,4,cjxz,（要紧、重要）
󳛚,156,󳝫,4,ccxn,（随便、简单）
󳛛,276,󳝫,4,cfxz,转移（物品）
󳛜,315,󳝫,4,cghxz,（洗漱）
󳛝,73,󳝬,2,cxz,搂
󳛞,74,󳝬,4,cggxm,（擦尔瓦）
󳛟,213,󳝬,5,cdxm,1、垮、塌（使动）；2、（说话伤人）；
󳛠,158,󳝭,3,hcpxz,1、话；2、说；
󳛡,214,󳝭,3,hcdxm,1、叶子；2、片（量词）；
󳛢,16,󳝭,4,hcfxm,1、（1、哨子；2、空壳）；2、（破烂）；
󳛣,102,󳝭,4,hcfxc,吃
󳛤,349,󳝭,5,hchcqxz,（挑（水桶）
󳛥,21,󳝭,7,hcfvjxm,辣
󳛦,116,󳝮,3,yggxn,1、终结、结束、收尾；2、（饭被烧焦了的味道）；
󳛧,154,󳝮,3,yghxc,（掼谷槽（收割稻谷时作脱粒的用具））
󳛨,370,󳝮,3,ygdxv,瞀（mao）（1、目眩。2、心绪纷乱。3、愚昧。）
󳛩,372,󳝮,3,yggxc,粮食（古语）
󳛪,387,󳝮,3,yhxc,1、绵羊；2、未（地支第八位）；
󳛫,262,󳝮,3,yghxz,捞（渣滓）、捞（干的）；
󳛬,31,󳝮,4,ygghxn,（鼻子）
󳛭,75,󳝮,4,yhgxc,（1、烦闷、烦躁；2、悲观；）
󳛮,98,󳝮,4,yjxc,啄
󳛯,166,󳝮,4,yggfxv,猖獗
󳛰,189,󳝮,4,ygfxm,训斥
󳛱,216,󳝮,4,yghgxn,1、淡（味道）；2、素（食）；
󳛲,226,󳝮,4,ygfxv,嫁（女）
󳛳,231,󳝮,4,ygghxn,1、（眼屎）；2、（象声词）（老鼠叫声）；
󳛴,328,󳝮,4,yjxz,浪费
󳛵,354,󳝮,4,yggtxc,（鹿子）
󳛶,376,󳝮,4,ygpqxv,（乌鸦）叫
󳛷,80,󳝮,5,ygkxn,（火花）
󳛸,98,󳝮,5,yghgxc,（结实）
󳛹,208,󳝮,5,ygghgxz,（重叠词缀）（明朗朗）
󳛺,120,󳝮,6,pygyghxn,（被液体）呛
󳛻,191,󳝯,4,lpghxv,晚熟（的种子）
󳛼,222,󳝯,5,lkhxv,填塞
󳛽,47,󳝯,6,lfhxv,理睬
󳛾,273,󳝯,6,lhjxv,（排行第三个兄妹的称呼）
󳛿,3,󳝰,4,fhgmxm,（形容词词缀）（胀鼓鼓）
󳜀,4,󳝰,5,fhggdxm,（咒猫儿语）
󳜁,209,󳝰,6,fhggfxz,（秕（bi）谷）
󳜂,370,󳝰,6,fhgdxz,1、宝、2、（鹳鹤）；3、（谷窝，滇南彝语指昆明）；
󳜃,26,󳜃,1,mxz,（液体沸腾）溢出
󳜄,66,󳜃,1,mxz,（茅草）
󳜅,81,󳜃,1,lxz,（唠唠叨叨）
󳜆,119,󳜃,1,axz,1、（怎样）；2、（什么）；
󳜇,193,󳜃,1,lxz,卷、包
󳜈,193,󳜃,1,axz,抛、扔
󳜉,256,󳜃,1,sxz,早
󳜊,277,󳜃,1,kxz,蜷缩
󳜋,280,󳜃,1,rxz,1、打活结；2、（活结）；
󳜌,302,󳜃,1,sxz,藤子
󳜍,370,󳜃,1,axz,亿
󳜎,13,󳜃,2,gqfxz,嘟（嘴）
󳜏,25,󳜃,2,dhxz,丘（块）
󳜐,139,󳜃,2,lhxv,弹跳
󳜑,159,󳜃,2,mgxz,（眼）睛
󳜒,162,󳜃,2,gghhxz,1、住所；2、部位；3、（来由）；4、（人名用词）；
󳜓,206,󳜃,2,kpxc,1、（同类中特别）瘦小；
󳜔,218,󳜃,2,sgxz,1、垮；2、破（产）；3、（群鸦）乱叫）；
󳜕,256,󳜃,2,shxz,1、金；2、黄（色）
󳜖,265,󳜃,2,khxc,（狮子）
󳜗,266,󳜃,2,shxc,都
󳜘,307,󳜃,2,khxz,祭献
󳜙,69,󳜃,3,fhvxn,（绵韧（rèn）韧（嚼不动）
󳜚,181,󳜃,3,dghhxz,1、（篾丝）；2、启、揭（篾丝）；
󳜛,108,󳜃,3,sjxv,（力）大、强
󳜜,118,󳜃,3,bgxn,（果子的）瓣（量词）；
󳜝,193,󳜃,3,ggkxz,卷（量词）
󳜞,242,󳜃,3,jwhxz,牙（齿）
󳜟,390,󳜃,3,gqghxv,（果子未成熟而脱落）
󳜠,212,󳜃,4,ddhggxv,（幽默、诙谐）
󳜡,230,󳜃,4,gghgxz,1、带子；2、（牛耕索（绳子））；
󳜢,359,󳜃,4,bhhxn,词（词典）
󳜣,363,󳜃,4,aaagxb,1、泻（肚子、拉肚子）；2、倒（水）；
󳜤,390,󳜃,4,hghgxz,隆隆（象声词）
󳜥,32,󳜃,5,shgghxv,骈（pián）生（并列而生）
󳜦,,󳜺,3,dfxm,代替字（无实际意义）
󳜧,,󳜺,3,dpgxm,代音字（无实际意义）